Number of Peaks,Spectral Centroid,Wavelet Entropy,Lempel_Ziv Complexity,x75th Percentile,Standard Deviation of Spectral Amplitude,Instantaneous Phase Std,File,Segment,SCR_recoveryTime_min,SCR_latency_mean,SCR_latency_std,Rise_Time,Time_to_Peak,SCL_tonic_std,PP,A,D,E,N,P,age,sex,香味,emotion
14991.0,0.200100323404618,9.148224930969258,0.0049597976829591,7.842279450688202,118.55450989104811,0.7675623051165055,5010802.0,1.0,0.0,0.0,0.0,3.043225806,148.0187097,0.6185417617083538,0.0,-0.67,0.0,62.7,54.7,47.2,21.0,2.0,0,无聊
11471.0,45.38019727826261,12.017564923133015,0.015783896997801,11.73385520869395,0.1675458723339764,0.2389130185965304,5010802.0,2.0,0.21,66.61769230769231,66.33408488666652,3.744347826,102.73,0.3543706869447726,-0.75,1.0,2.0,62.7,54.7,47.2,21.0,2.0,0,藐视
15537.0,48.745316874290296,11.309190429933532,0.0096045264489048,9.842375569307334,0.1668150332073098,0.1912821093359032,5010802.0,3.0,0.0999999999999999,188.36545454545453,126.21103894694043,3.516944444,147.3144444,0.2751851413195422,-0.25,0.0,1.5,62.7,54.7,47.2,21.0,2.0,无香,依赖
15404.0,0.1785433179904922,9.148574317061104,0.0033877889462345,6.844107311752686,171.62409612766544,0.7564201459847303,5020731.0,1.0,0.0,0.0,0.0,3.164375,153.6396875,0.6275703922691526,-1.25,-0.67,-0.75,62.7,54.7,47.2,21.0,2.0,0,悲伤
15033.0,48.030429532406174,12.308164588608024,0.0158317853276547,10.935515669511169,0.1668589702287225,0.1933636590854234,5020731.0,2.0,0.3500000000000014,115.16216216216216,81.43210755759058,3.144193548,174.3325806,0.2850303974922399,0.25,0.25,-2.0,62.7,54.7,47.2,21.0,2.0,0,悲伤
15037.0,49.719774499948535,10.300195581018064,0.0044517537507084,6.474566022220559,0.1668421909396444,0.4502299957517017,5020731.0,3.0,2.0999999999999943,134.382,4.618871723700498,3.084827586,147.7758621,0.6149058524854377,-1.0,-1.25,-2.25,62.7,54.7,47.2,21.0,2.0,柠檬,无聊
15030.0,0.2103545779274085,9.148363019857316,0.0029689947521731,6.327107179402198,103.2602362691694,0.7315169987413828,5030803.0,1.0,0.0,0.0,0.0,3.1240625,152.7540625,0.6277452319599479,0.5,1.0,0.5,62.7,54.7,47.2,21.0,2.0,0,惊奇
9065.0,47.76622874459582,11.433821936611285,0.0195045367939085,8.718513843468747,0.1668835338100791,0.2725484166757447,5030803.0,2.0,0.0999999999999943,81.21095238095238,81.63273578334811,3.199473684,74.84105263,0.3910054481055229,0.0,1.5,0.75,62.7,54.7,47.2,21.0,2.0,0,恐惧
15137.0,49.855168838524335,9.79929801533345,0.0029501250548906,3.146670838501298,0.1668589378731011,0.7808478442981566,5030803.0,3.0,0.079999999999984,274.6505263157895,29.73021517681689,2.978611111,151.4375,0.6747100720027717,0.25,-0.5,-1.5,62.7,54.7,47.2,21.0,2.0,薰衣草,无聊
441.0,0.1301768472714285,9.147979364670404,0.0024731965281713,8.051690209318211,112.72659286244202,0.6979404046570069,5040801.0,1.0,0.0,0.0,0.0,3.165517241,145.1551724,0.5911108997645881,-0.5,-0.33,-0.25,62.7,54.7,47.2,21.0,2.0,0,悲伤
71.0,0.4096866981801119,11.454919021978853,0.0091708342339221,11.412581012812424,0.0086976540061262,0.1936039704548413,5040801.0,2.0,0.1899999999999995,96.91862068965516,78.55270366620054,3.257692308,99.45346154,0.2830152063226192,-0.25,2.0,0.5,62.7,54.7,47.2,21.0,2.0,0,恐惧
2067.0,0.3968181294563563,11.0589215147861,0.0019530638557149,7.45354050033341,0.0011259752366607,0.2308157095669492,5040801.0,3.0,0.0,170.88,115.57062123077245,3.275,157.2417857,0.4008326165340319,-0.75,0.75,2.75,62.7,54.7,47.2,21.0,2.0,薄荷,藐视
14979.0,0.2007274174064116,9.14898387472388,0.0014890604142202,2.201270840910998,117.49483857610817,1.182578455099889,6010731.0,1.0,0.0,0.0,0.0,3.120555556,154.7138889,0.7051856107026047,-1.75,-0.67,-0.5,34.15,58.75,52.37,21.0,2.0,0,悲伤
11794.0,49.54703807978805,12.437779857641258,0.0043105170409256,2.9970889090644413,0.1668052063689221,0.4446368182407737,6010731.0,2.0,0.079999999999984,142.36636363636364,92.61403551652226,3.316538462,114.0742308,0.4943726264702315,-2.0,-1.25,0.5,34.15,58.75,52.37,21.0,2.0,0,厌恶
15645.0,49.57289467776914,12.307466030375776,0.0090676470150425,4.040440881583013,0.1668024276392545,0.3829542248848083,6010731.0,3.0,0.14,147.272,106.12219681103478,2.959393939,155.0345455,0.3992304190337151,-2.0,-2.0,-0.75,34.15,58.75,52.37,21.0,2.0,柠檬,无聊
15110.0,0.1890926381924087,9.148265987464468,0.0034472629413889,10.430322654827956,140.7194334407177,0.6394768960151581,6020731.0,1.0,0.0,0.0,0.0,3.2415625,156.04625,0.5851554941258206,-2.0,-1.33,-0.75,34.15,58.75,52.37,21.0,2.0,0,无聊
13559.0,48.607002475751976,11.4718513740107,0.0119467378420546,14.40075637810751,0.1667986806094793,0.1308686823735455,6020731.0,2.0,0.0800000000000125,135.94689655172414,72.97294918911469,3.338275862,132.0810345,0.2474307459844338,-1.25,-0.25,0.0,34.15,58.75,52.37,21.0,2.0,0,悲伤
15103.0,48.811502555142894,11.49170208464916,0.0108387892970723,12.9010098843875,0.1667986280868068,0.1149341889132478,6020731.0,3.0,0.0500000000000113,154.54890410958905,107.34349516837716,3.825185185,141.4681481,0.1966690810963002,-2.0,-1.5,0.75,34.15,58.75,52.37,21.0,2.0,无香,藐视
3176.0,0.1301968939882821,9.148272241374787,0.0034608125692049,7.436721068242054,98.6693793560216,0.8540901113466451,6030801.0,1.0,0.0,0.0,0.0,3.011714286,153.4985714,0.6450735705601922,-1.75,-1.33,0.0,34.15,58.75,52.37,21.0,2.0,0,无聊
401.0,0.4035170610620102,10.826878294302045,0.0051153390038258,8.292310232718199,0.000541648000681,0.1107720170815813,6030801.0,2.0,0.0199999999999818,124.98,67.54582488399456,3.642222222,98.44388889,0.2295490002232972,-2.0,-0.25,-0.5,34.15,58.75,52.37,21.0,2.0,0,焦虑
5628.0,0.4288160497184684,9.822999093685253,0.001458280923363,6.753553965215494,7.454383626757452e-05,0.5861553542725971,6030801.0,3.0,0.0,241.12789473684208,93.67355994308092,3.118571429,156.1245714,0.7327215010002567,-2.0,-1.25,-1.25,34.15,58.75,52.37,21.0,2.0,薰衣草,无聊
177.0,0.1301769726045663,9.14825262279492,0.0014787682676418,8.968990916160905,96.60934933356216,0.6566448425851685,6040801.0,1.0,0.0,0.0,0.0,3.178857143,151.2942857,0.5824220994451133,-1.5,-1.33,0.5,34.15,58.75,52.37,21.0,2.0,0,无聊
48.0,0.4010874582408565,11.024399792201354,0.0065805037573785,10.242857577005251,0.0023646549998561,0.1226883175116143,6040801.0,2.0,0.0299999999999727,87.6704761904762,79.07102253376485,3.844782609,101.9965217,0.2410439782323536,-2.0,-0.5,-0.5,34.15,58.75,52.37,21.0,2.0,0,悲伤
303.0,0.3979557330328716,10.983948883241956,0.005923933377983,10.999209829484409,0.0016052834945591,0.0881537018906449,6040801.0,3.0,0.3700000000000045,141.96739130434784,83.57666718374533,2.994193548,137.9677419,0.1540108773938836,0.5,1.0,0.25,34.15,58.75,52.37,21.0,2.0,薄荷,惊奇
15093.0,0.2098459017823247,9.148607367701558,0.0024647612289951,7.955040115768852,103.99009780328892,0.7104030622620048,7010802.0,1.0,0.0,0.0,0.0,3.5146875,150.0265625,0.6048765913883983,-0.5,-0.33,1.75,47.9,69.4,59.9,24.0,1.0,0,依赖
8855.0,49.41628264416579,11.003361045691516,0.0071713185288007,8.276613787105422,0.1668033805710321,0.1479470171548528,7010802.0,2.0,0.079999999999984,121.19666666666664,71.01082139755572,4.163157895,76.77105263,0.2025645843552995,1.0,1.25,1.0,47.9,69.4,59.9,24.0,1.0,0,惊奇
15439.0,49.44532486499645,11.099216023827909,0.0120744698284937,8.802915186420154,0.1667909466188799,0.1719862790347296,7010802.0,3.0,0.07000000000005,150.71275862068967,133.34500737706685,4.159615385,181.5123077,0.2986490066572678,-1.5,-1.25,-1.75,47.9,69.4,59.9,24.0,1.0,无香,无聊
119.0,0.1302251773186931,9.148252738027724,0.0029349828914097,8.63142274214414,129.31843846391024,0.6471643541242122,7020801.0,1.0,0.0,0.0,0.0,3.195625,149.57125,0.5989377925902352,-1.5,-1.0,0.0,47.9,69.4,59.9,24.0,1.0,0,无聊
45.0,0.4037991100637729,11.193613978276025,0.0120114821177056,7.950135942686817,0.0025700713023213,0.1293627426145895,7020801.0,2.0,0.0300000000000011,72.24583333333334,78.56837462345916,3.747272727,85.77590909,0.2234207175609233,0.5,0.75,0.25,47.9,69.4,59.9,24.0,1.0,0,惊奇
236.0,0.3941909537241067,11.40396347547678,0.0154817080161508,8.62003787340212,0.0021172413402703,0.082738542222327,7020801.0,3.0,0.079999999999984,164.7823076923077,78.30325699620047,3.21,138.7165625,0.1194027972498022,-1.0,-0.75,-0.75,47.9,69.4,59.9,24.0,1.0,柠檬,无聊
15516.0,0.1831696943249079,9.148684629498478,0.0014423981174933,7.717250428221329,156.51964255794388,0.7766255581206689,7030731.0,1.0,0.0,0.0,0.0,3.278571429,153.166,0.6142641963919823,-0.25,-1.0,-1.25,47.9,69.4,59.9,24.0,1.0,0,无聊
14523.0,49.16953916865568,11.57987543495625,0.0117392411849492,8.890583776443096,0.1667956179879485,0.1440511521093964,7030731.0,2.0,0.0699999999999931,161.07315789473682,124.17550156946297,3.128214286,167.3485714,0.2592670748512587,-0.5,-0.75,0.25,47.9,69.4,59.9,24.0,1.0,0,无聊
14849.0,49.331049663006006,11.207744957955477,0.0090049547336821,9.080020908048969,0.1667864451858728,0.1248581099833294,7030731.0,3.0,0.0699999999999931,142.77041666666665,103.75405624517236,3.042258065,147.6325806,0.2087862368377129,-0.25,-0.75,0.75,47.9,69.4,59.9,24.0,1.0,薰衣草,依赖
14961.0,0.1955097485916485,9.148540175784134,0.0044718988351032,9.316589158943636,126.9013531569342,0.7070634557768906,7040801.0,1.0,0.0,0.0,0.0,3.233684211,153.2847368,0.6012835984595486,-0.25,0.33,0.5,47.9,69.4,59.9,24.0,1.0,0,焦虑
10816.0,48.83402717609105,11.409183593114632,0.0166416437267528,9.592308908021325,0.1667992071255195,0.1417920002884048,7040801.0,2.0,0.0699999999999931,111.46045454545455,86.35833893920635,3.3356,111.6516,0.2523862082962256,-0.5,-0.75,-1.25,47.9,69.4,59.9,24.0,1.0,0,无聊
15016.0,48.39776514599747,11.69045630141762,0.0123815977196955,11.047918855812638,0.1668181165697589,0.21921816711496,7040801.0,3.0,0.08,123.94227272727272,95.3913898311877,3.102727273,144.1866667,0.2713244832470775,-1.25,-1.5,-2.0,47.9,69.4,59.9,24.0,1.0,薄荷,无聊
10303.0,0.1301668169262053,9.148651121935083,0.0014901383461291,0.6060437006115758,91.42350418704652,1.3131364534919856,8010807.0,1.0,0.0,0.0,0.0,3.0025,152.5052778,0.7236169857954845,-0.75,-1.0,-2.0,24.1,68.4,62.7,20.0,2.0,0,无聊
62.0,0.390674535364555,11.158708735905158,0.0124190375418657,5.940058077859961,0.0021612578158464,0.1351255172865039,8010807.0,2.0,0.4299999999999926,70.1825,49.75461982318828,3.993529412,68.84647059,0.218281040820614,-0.25,0.0,2.25,24.1,68.4,62.7,20.0,2.0,0,依赖
6977.0,0.4232126306356848,9.74041744318019,0.0024379381631294,1.829533235401408,0.0001376617142257,0.8284368769825008,8010807.0,3.0,0.0699999999999931,289.3458333333334,9.959278135097057,2.887368421,164.3339474,0.6681194203141713,-0.5,-0.5,-0.5,24.1,68.4,62.7,20.0,2.0,无香,悲伤
11904.0,0.1302071976343755,9.148696427722038,0.0014979570942075,0.3554084389702328,88.35634039562902,1.3683118654312345,8020808.0,1.0,0.0,0.0,0.0,3.208529412,153.7638235,0.7212295222621771,-0.25,-0.67,-1.25,24.1,68.4,62.7,20.0,2.0,0,无聊
174.0,0.3910548989946122,10.616721395076514,0.0048923933060924,5.784579089009143,0.0016214727470124,0.2778994370224226,8020808.0,2.0,0.3000000000000007,49.544,33.32389509046024,3.591428571,65.88571429,0.4298630594876821,-1.0,-0.25,2.0,24.1,68.4,62.7,20.0,2.0,0,藐视
10267.0,0.4228305147533658,9.72016986243404,0.0014149939178651,0.7349788127703689,4.0512522942158544e-05,0.8746522132296753,8020808.0,3.0,0.0699999999999931,297.2571428571428,13.279275382861732,3.224722222,162.1402778,0.6853397160707789,-0.25,-0.25,-0.25,24.1,68.4,62.7,20.0,2.0,柠檬,悲伤
6665.0,0.1302205390477041,9.14863957063048,0.0014800078545073,1.7810113862936894,108.81638471562702,1.204403712719329,8030806.0,1.0,0.0,0.0,0.0,3.202647059,153.7602941,0.7140550623929474,0.25,-0.67,0.25,24.1,68.4,62.7,20.0,2.0,0,依赖
50.0,0.3853858925095619,11.485099297396118,0.0062068108345762,7.833929599185119,0.0046075949259231,0.2305307425954606,8030806.0,2.0,0.7000000000000011,67.44500000000001,64.59227383585218,3.732777778,67.20111111,0.368934652789625,-0.75,0.25,1.0,24.1,68.4,62.7,20.0,2.0,0,藐视
7126.0,0.434236941799318,9.740851083871096,0.0014555370600632,1.3403913591236836,6.697439599083e-05,0.7097779126827485,8030806.0,3.0,0.0,281.1735135135135,45.836776437067535,3.471212121,153.8,0.6642539436590796,0.0,-0.5,-0.25,24.1,68.4,62.7,20.0,2.0,薰衣草,无聊
10762.0,0.1302096137822806,9.148403767030722,0.0014830273663022,0.5647332986290304,79.00683716789052,1.344216833831105,8040807.0,1.0,0.0,0.0,0.0,3.191176471,153.7529412,0.7239083638173939,-0.5,-0.67,-1.75,24.1,68.4,62.7,20.0,2.0,0,无聊
958.0,0.3930803497755716,9.932033845147842,0.0064045071435842,2.527995055044639,0.0001130301328051,0.2856023015184274,8040807.0,2.0,0.2899999999999991,50.216538461538455,26.64378466161807,3.35,65.23866667,0.429207489472777,-0.25,0.0,2.0,24.1,68.4,62.7,20.0,2.0,0,依赖
8831.0,0.4145343048182279,9.736828802668068,0.0014748865489883,1.4687591930671606,7.546559250068036e-05,0.939414376300608,8040807.0,3.0,0.0,272.04322916666666,50.061784690994415,3.0325,154.9508333,0.7486229807613323,1.25,2.5,1.5,24.1,68.4,62.7,20.0,2.0,薄荷,惊奇
15027.0,0.211706357122802,9.148472053558152,0.0029695299575409,3.560231199273032,101.61528196232432,0.9582513019762512,9010807.0,1.0,0.0,0.0,0.0,3.207714286,154.3294286,0.6829380343749326,1.25,1.0,1.0,45.2,47.9,57.5,21.0,2.0,0,惊奇
8890.0,48.63639297314004,11.728767649876664,0.0150851686858873,10.656176617654252,0.1668182855851768,0.2022357637133857,9010807.0,2.0,0.0800000000000125,71.78692307692307,68.2689744133865,4.068125,94.023125,0.3490366086809876,0.0,-0.25,-0.5,45.2,47.9,57.5,21.0,2.0,0,悲伤
15053.0,49.28874721590123,11.199175938517792,0.0069180958411659,10.289178774713704,0.1668000688030438,0.2186308293110587,9010807.0,3.0,0.4299999999999997,110.67,55.70990237132194,3.289375,156.9559375,0.3667292194992262,-1.0,-0.5,-0.25,45.2,47.9,57.5,21.0,2.0,无香,悲伤
14981.0,0.1898320576635583,9.148324274013817,0.0019851147343177,6.818559697903855,138.75901021225906,0.985359281510819,9020806.0,1.0,0.0,0.0,0.0,3.116857143,157.0688571,0.6643202943870824,-1.5,0.67,-0.75,45.2,47.9,57.5,21.0,2.0,0,焦虑
11120.0,49.0691045429627,11.327535278367582,0.0077908899497174,10.338701969817176,0.1668055512457126,0.1725804915732756,9020806.0,2.0,0.0600000000000022,83.04846153846155,67.97664280371535,3.773333333,121.0216667,0.2789279025586225,-1.25,-1.0,-1.75,45.2,47.9,57.5,21.0,2.0,0,无聊
15010.0,49.848120003573,9.972583412710335,0.0019817110743986,4.942561172805726,0.1668727204962196,0.4914053740022462,9020806.0,3.0,0.079999999999984,266.0855208333333,56.222199238634666,3.004054054,153.9491892,0.5967431497923371,-1.25,-1.0,0.25,45.2,47.9,57.5,21.0,2.0,柠檬,无聊
4552.0,0.1302073565823723,9.148269536762871,0.0024463739215889,5.732446299305527,103.84126988677092,0.8692886458800628,9030807.0,1.0,0.0,0.0,0.0,2.985238095,186.9416667,0.6170988484756893,-0.25,-0.67,-1.5,45.2,47.9,57.5,21.0,2.0,0,无聊
156.0,0.3997543457154091,11.47026188656034,0.0020454631325112,10.439370127128978,0.0028112340630398,0.3541502101222691,9030807.0,2.0,0.0199999999999818,160.15383333333335,64.93037984620312,3.42875,108.5183333,0.556285302000522,-1.5,-1.0,0.0,45.2,47.9,57.5,21.0,2.0,0,无聊
2590.0,0.3893026467406688,10.624924705770578,0.0029667669041897,7.443986632154106,0.0007634091547388,0.4510636624987946,9030807.0,3.0,0.0,236.02702702702703,96.85371925953424,3.021,158.6335,0.6077330693266886,0.25,0.5,0.5,45.2,47.9,57.5,21.0,2.0,薰衣草,依赖
15023.0,0.5515368454521178,9.14897503746577,0.0024750544709627,0.3947132078699203,18.34789455956908,1.4017282548060468,9040807.0,1.0,0.0,0.0,0.0,3.202058824,153.76,0.7652027480063985,-1.5,-0.33,-2.75,45.2,47.9,57.5,21.0,2.0,0,悲伤
10404.0,49.647320821289846,10.568947209758768,0.0027573261594661,6.726191101568183,0.2130485879624606,0.5153414587594833,9040807.0,2.0,0.0800000000000125,178.3815384615385,53.12523684597396,4.463333333,107.1095238,0.6398133738302432,-0.25,-0.25,-2.25,45.2,47.9,57.5,21.0,2.0,0,悲伤
14993.0,49.869098025584776,10.627613352173164,0.001487804890637,1.6455992103553112,0.0522794070731298,0.2043032694656328,9040807.0,3.0,0.079999999999984,173.97188811188812,125.54057261840934,3.123421053,154.72,0.2674247757319933,-1.25,-1.25,1.0,45.2,47.9,57.5,21.0,2.0,薄荷,藐视
15023.0,0.1751205661794422,9.14812814179762,0.0019800435767701,1.2721350321854032,29.70433611760256,1.248202607378126,10010804.0,1.0,0.0,0.0,0.0,2.992352941,154.58,0.7113345503165179,2.0,1.33,1.5,55.7,41.1,47.2,24.0,2.0,0,乐观
25860.0,25.18704004509173,10.216652891411064,0.0024219041177468,5.298482380534127,183.77851075041733,1.4682317609955118,10010804.0,2.0,0.0800000000000125,138.935,0.1150000000000091,3.277037037,256.122037,0.5537838669663883,2.75,2.0,2.75,55.7,41.1,47.2,24.0,2.0,0,乐观
18018.0,49.82909282437301,13.227945392843482,0.0037803174967923,2.445079996141473,0.1149057372086373,0.9291052676573844,10010804.0,3.0,0.1100000000000136,139.37857142857143,24.8595834803467,3.223513514,162.7143243,0.6099208624233191,0.75,1.0,0.75,55.7,41.1,47.2,24.0,2.0,无香,惊奇
618.0,0.1302026446262675,9.148439536557618,0.0024755752192871,6.888129683488577,116.38448275917128,0.7462048830300284,10020808.0,1.0,0.0,0.0,0.0,3.236129032,150.5896774,0.6113460620156543,2.25,2.67,1.75,55.7,41.1,47.2,24.0,2.0,0,喜悦
4758.0,0.3960409495875642,10.482107711237674,0.0019271452636482,1.7593349977021275,1.2684589156553864e-05,0.4520048843767366,10020808.0,2.0,0.25,57.07025,10.588843772456936,3.184,121.7296,0.6450626005484383,0.0,0.75,-0.75,55.7,41.1,47.2,24.0,2.0,0,焦虑
14336.0,2.179726635572727,11.007591822084356,0.0029283822063788,0.3906712167474684,4.804009474564686e-07,0.0728371409988222,10020808.0,3.0,0.0,178.4856043956044,132.6989754360506,3.053055556,150.0725,0.1457989321118509,-0.25,-0.5,-0.25,55.7,41.1,47.2,24.0,2.0,柠檬,无聊
15024.0,0.2097503439809054,9.148893226712593,0.0019800435767701,1.269325836872909,104.1349181933446,1.3009840741981944,10030808.0,1.0,0.0,0.0,0.0,3.208235294,153.7632353,0.7294345027883197,0.5,0.0,1.75,55.7,41.1,47.2,24.0,2.0,0,依赖
9514.0,49.86977462122419,13.198952951051607,0.0022410911100096,1.18364446817348,0.166821715100686,4.879476878696066,10030808.0,2.0,0.079999999999984,190.15,0.0,3.705789474,84.84157895,0.0374886033986258,0.0,1.0,-0.5,55.7,41.1,47.2,24.0,2.0,0,恐惧
15190.0,49.86977750334098,14.459560648939926,0.0014704139169471,1.1586648645391078,0.1668414364156925,32.46801470199379,10030808.0,3.0,0.079999999999984,303.55,0.1100000000000136,3.02,161.722,0.0804682949377876,-0.5,-1.0,-0.75,55.7,41.1,47.2,24.0,2.0,薰衣草,无聊
15014.0,0.1913627631414368,9.148786909548944,0.0029717621581907,2.074088878295065,135.4887108092392,1.9518298785466108,10040804.0,1.0,0.0,0.0,0.0,3.200294118,153.7588235,0.7144955657192469,2.0,1.67,1.25,55.7,41.1,47.2,24.0,2.0,0,喜悦
13204.0,49.85923466108717,12.361410819702986,0.0016685494147354,1.5144166068866889,0.1668212857103867,3.854527287223665,10040804.0,2.0,0.1299999999999954,167.53368421052633,62.95611117115648,3.594615385,113.6611538,0.702830317425701,-0.5,-0.25,-1.5,55.7,41.1,47.2,24.0,2.0,0,悲伤
15030.0,49.86962595997857,13.338822413590462,0.0014844973760865,1.2325572404552567,0.1668483339695983,2.8946653565249187,10040804.0,3.0,0.079999999999984,141.9429213483146,84.31191251220508,3.3671875,143.284375,0.2652276694340399,-0.5,-0.5,-0.5,55.7,41.1,47.2,24.0,2.0,薄荷,悲伤
110.0,0.130225357202812,9.148586832919673,0.0014847203713022,6.542176265083433,139.02019665908898,0.7663020060830369,11010807.0,1.0,0.0,0.0,0.0,3.2121875,149.7034375,0.6240501142992313,0.0,-0.67,-2.75,27.8,61.6,57.5,24.0,2.0,0,无聊
79.0,0.4071452001823493,11.931035142090492,0.0089508673207277,8.32192575364232,0.0027334886573917,0.1387474247962131,11010807.0,2.0,0.3299999999999983,49.440000000000005,8.277973553584609,3.137142857,118.9592857,0.2437863887762057,0.0,0.0,-1.5,27.8,61.6,57.5,24.0,2.0,0,悲伤
138.0,0.3982279028413069,11.497382503179873,0.0118763357561111,7.993843296780899,0.002204674177799,0.0717190321574649,11010807.0,3.0,0.519999999999996,132.02,94.66065354728964,3.295,156.3373333,0.0854875594233626,0.25,0.5,-0.25,27.8,61.6,57.5,24.0,2.0,无香,悲伤
213.0,0.1301585918639747,9.148475587348658,0.0024801229076541,5.898812377019606,90.7212209915394,0.7832117274365223,11020808.0,1.0,0.0,0.0,0.0,3.196111111,150.095,0.648480781643155,-1.5,-0.67,-1.0,27.8,61.6,57.5,24.0,2.0,0,悲伤
59.0,0.4100474033048897,11.521411407018183,0.0092302895105444,7.737242641151699,0.0034833888321047,0.1977976069683362,11020808.0,2.0,0.0,48.49391304347826,57.97015639546074,3.311904762,72.77095238,0.3146095974717749,-0.75,0.5,-0.5,27.8,61.6,57.5,24.0,2.0,0,焦虑
187.0,0.3932401485549386,11.269419769343475,0.0043554732698232,6.069452960789159,0.0014202126265583,0.1802721368006916,11020808.0,3.0,0.1099999999999568,175.32272727272726,124.66791575956788,3.332857143,161.9454286,0.3159023243869241,-1.0,-1.0,0.5,27.8,61.6,57.5,24.0,2.0,柠檬,无聊
1502.0,0.1301809986484632,9.148695596915148,0.0014808058824606,4.706512431235942,102.32530142396864,0.8418968638870364,11030807.0,1.0,0.0,0.0,0.0,3.264705882,153.345,0.6533962800464383,-0.5,-0.33,-1.75,27.8,61.6,57.5,24.0,2.0,0,悲伤
73.0,0.4059878274599017,11.42488866767472,0.0113486139453606,6.333244861352468,0.0013341553923002,0.1127237496520844,11030807.0,2.0,0.5499999999999972,74.87037037037037,70.01224154767145,4.188421053,97.94947368,0.218313143608465,0.0,0.25,-1.5,27.8,61.6,57.5,24.0,2.0,0,悲伤
3100.0,0.396941970819647,10.495727858174028,0.0014840961615393,5.352972673209466,0.0003889497363421,0.4083473269875202,11030807.0,3.0,0.079999999999984,250.33489361702124,73.61577860099855,3.0928125,162.124375,0.6534006560722654,-0.75,-0.5,0.5,27.8,61.6,57.5,24.0,2.0,薰衣草,藐视
15004.0,0.2223946813654714,9.14870059773252,0.0059472798527766,6.503317819748494,89.84840264959742,0.733273033036289,11040808.0,1.0,0.0,0.0,0.0,3.53862069,143.2062069,0.6253023961710655,-1.5,-0.67,-1.5,27.8,61.6,57.5,24.0,2.0,0,无聊
7740.0,48.75827303684161,11.344385137244029,0.0215759786596562,7.606425390917769,0.1668094840651998,0.2391024167599657,11040808.0,2.0,0.0999999999999943,65.6248,69.54044682743994,3.565263158,63.56263158,0.3671260517191623,-1.25,0.0,-1.5,27.8,61.6,57.5,24.0,2.0,0,悲伤
15016.0,49.32299825996162,12.055740065174378,0.0123815977196955,6.9390453275728525,0.1667964276799159,0.2041222361551022,11040808.0,3.0,0.5600000000000023,95.6695238095238,101.34900147398218,3.337333333,147.537,0.2471518652741207,-0.5,-0.25,1.0,27.8,61.6,57.5,24.0,2.0,薄荷,依赖
6271.0,0.1302069004754605,9.148902594325891,0.0014888809177662,2.031770797873335,114.0217054250917,0.9152866639960822,12010810.0,1.0,0.0,0.0,0.0,3.212,154.3337143,0.6938037746966985,0.5,0.33,-0.5,66.2,44.5,36.9,21.0,2.0,0,悲伤
153.0,0.3888154321555655,11.027671307929852,0.0109142636900338,4.020880974971479,0.0002420082448109,0.068546188098109,12010810.0,2.0,0.039999999999992,102.35842105263156,59.10018614835391,3.7975,89.348,0.1407913322881994,1.25,1.0,0.5,66.2,44.5,36.9,21.0,2.0,0,惊奇
3686.0,0.4097112237543535,10.4296895505445,0.0014844081976536,3.67716094246932,6.542226746926997e-05,0.2563889682305325,12010810.0,3.0,0.0,211.9233962264151,116.29918171556896,3.131764706,153.4664706,0.4313803610207188,0.0,-0.75,0.0,66.2,44.5,36.9,21.0,2.0,无香,无聊
15069.0,0.2154376131912562,9.14894828280264,0.0014809833444957,2.73489743356018,97.18120024956607,1.116757353271969,12020810.0,1.0,0.0,0.0,0.0,3.151388889,155.5688889,0.6958945921832251,1.75,1.0,1.0,66.2,44.5,36.9,21.0,2.0,0,乐观
10873.0,49.86506112789881,10.848418439421224,0.0019875751948866,3.2859708815536965,0.1668211290536479,0.0678034570492159,12020810.0,2.0,0.2999999999999971,116.08400000000002,40.2504675003906,3.82375,114.3154167,0.1084602818135772,0.5,0.75,0.25,66.2,44.5,36.9,21.0,2.0,0,惊奇
15004.0,49.86638428606884,10.838798157220928,0.0014868647029765,2.9316990305434305,0.1668294797424631,0.5520486595616609,12020810.0,3.0,0.079999999999984,136.79564102564103,102.04624305688566,3.300909091,163.8187879,0.3237510788564353,0.25,0.5,0.75,66.2,44.5,36.9,21.0,2.0,柠檬,依赖
7052.0,0.130202274368722,9.14884403135466,0.001475370595658,2.009635836855815,99.29085620999987,0.9369375139068228,12030811.0,1.0,0.0,0.0,0.0,2.922368421,165.5094737,0.6911993707615625,0.75,0.67,0.75,66.2,44.5,36.9,21.0,2.0,0,惊奇
66.0,0.3851550715686491,11.299073936980824,0.0137508413139877,3.959415109919379,0.0004635198071162,0.0722685561347828,12030811.0,2.0,0.5699999999999932,102.30266666666668,50.28633418954122,3.31,95.6625,0.1205264529211769,1.0,1.0,0.5,66.2,44.5,36.9,21.0,2.0,0,惊奇
7456.0,0.4186051045532112,10.118406625021306,0.0014766042181655,2.168423256599664,1.3148188516071651e-05,0.3295274755224237,12030811.0,3.0,0.0,270.06813186813184,50.79228194619033,3.032222222,150.3488889,0.4856812455898379,0.0,-0.25,0.25,66.2,44.5,36.9,21.0,2.0,薰衣草,悲伤
2578.0,0.1302037454684599,9.14902351613759,0.0014836060967271,1.7605707691549382,81.91286516903278,0.9099614558216425,12040811.0,1.0,0.0,0.0,0.0,3.153611111,155.5697222,0.7015628502150807,0.25,0.33,1.5,66.2,44.5,36.9,21.0,2.0,0,依赖
368.0,0.3835852225885037,10.560523234894989,0.0031838636695613,2.1517792560714057,5.303290227119237e-05,0.1907994212280188,12040811.0,2.0,0.1499999999999985,54.0640909090909,18.01455009381707,3.837142857,93.62238095,0.3171255822656624,0.75,0.5,0.5,66.2,44.5,36.9,21.0,2.0,0,温和
1060.0,0.3885945942959499,10.924695828879752,0.0029359408379105,2.761463338464746,7.411782143915831e-05,0.2428192333225722,12040811.0,3.0,0.2400000000000091,211.7810909090909,111.72907416315316,3.307333333,173.8063333,0.4252398202862875,0.25,1.0,0.5,66.2,44.5,36.9,21.0,2.0,薄荷,惊奇
15081.0,0.2189333548770997,9.147646004794527,0.0019732256538258,7.854987417669275,93.31298341531554,0.7486813808495689,13010811.0,1.0,0.0,0.0,0.0,3.300322581,150.7867742,0.6202417752310551,0.25,0.0,0.25,51.76,58.75,57.53,20.0,2.0,0,依赖
9247.0,43.92473366414909,11.578274862789074,0.0176266917548397,24.5191264991684,0.1681298064912002,0.121981995007775,13010811.0,2.0,0.0999999999999943,77.68096774193549,59.01923307920075,3.3895,95.8325,0.2016159638403514,0.25,0.75,0.5,51.76,58.75,57.53,20.0,2.0,0,焦虑
15119.0,49.84711795617891,9.963192832417644,0.0019688644214623,8.616901494851973,0.1668766634377463,0.4134595904753598,13010811.0,3.0,0.079999999999984,270.9652808988764,43.61075091886876,3.014736842,155.0331579,0.5708464181351589,-0.5,-0.5,-0.25,51.76,58.75,57.53,20.0,2.0,无香,悲伤
14990.0,0.2205654118413973,9.14902463985967,0.0014880289285288,1.4196020631925983,91.65802757095346,2.059961121505311,13020810.0,1.0,0.0,0.0,0.0,3.146388889,155.5655556,0.7156565141694898,0.25,-0.33,0.5,51.76,58.75,57.53,20.0,2.0,0,依赖
8783.0,48.57913683316762,12.24696359174494,0.0136440694276217,7.96491511095026,0.1668212211809848,0.7253358355324586,13020810.0,2.0,0.2300000000000039,53.797826086956526,14.10391988575046,3.073333333,87.60333333,0.6198041750360849,0.5,0.75,0.5,51.76,58.75,57.53,20.0,2.0,0,惊奇
15056.0,49.86806048551195,10.009300807804465,0.0014822268279049,2.0769916814485625,0.1668300528447117,0.9904541306733914,13020810.0,3.0,0.079999999999984,263.66550561797754,65.11720541051103,3.032972973,154.0591892,0.5466315622208114,0.25,0.0,0.25,51.76,58.75,57.53,20.0,2.0,柠檬,依赖
15005.0,0.1957594009597932,9.148834458884783,0.006938075629769,8.232873493449699,126.4182363594934,0.7444934921297651,13030810.0,1.0,0.0,0.0,0.0,3.166176471,154.7611765,0.6074899591493416,0.0,1.33,0.0,51.76,58.75,57.53,20.0,2.0,0,恐惧
9640.0,47.200299896964175,11.129013623921912,0.01254969207539,13.606441996550402,0.1670018266738776,0.221096657985745,13030810.0,2.0,0.0999999999999943,75.34222222222222,80.69658096999473,3.472631579,99.87210526,0.3252506399386081,0.75,1.0,0.0,51.76,58.75,57.53,20.0,2.0,0,惊奇
15133.0,49.48665714156932,10.628245530869314,0.0039343215884213,6.410092436226545,0.1668161383077588,0.4624857828402256,13030810.0,3.0,0.0800000000000409,222.82425531914896,108.86116138682338,2.8784375,157.8425,0.5826996287377443,0.75,0.5,0.0,51.76,58.75,57.53,20.0,2.0,薰衣草,惊奇
3265.0,0.1302165567175284,9.14845369467344,0.0034675771904787,4.257665277172929,96.28486105651469,0.9906254676720052,13040811.0,1.0,0.0,0.0,0.0,3.226764706,153.0214706,0.688271889323189,0.75,1.0,-0.25,51.76,58.75,57.53,20.0,2.0,0,惊奇
80.0,0.4070381284171472,11.132728676977033,0.0077215479978236,13.761104817225991,0.0063696395487007,0.1282291564871716,13040811.0,2.0,0.2800000000000011,92.44277777777778,67.01425725632781,3.752777778,92.76611111,0.2161751373747016,1.0,0.75,1.0,51.76,58.75,57.53,20.0,2.0,0,惊奇
4433.0,0.4214444676538373,9.92304931043265,0.0014615102162629,6.529454802384948,0.0002107011584137,0.4496648681845305,13040811.0,3.0,0.0699999999999931,279.5116176470588,36.89847221491674,3.103783784,159.0210811,0.591712584738049,0.25,0.75,0.0,51.76,58.75,57.53,20.0,2.0,薄荷,焦虑
1300.0,0.1302127598306605,9.149289878332729,0.0014857917263634,0.6396402001607789,108.19724659268093,2.370994631653541,14010919.0,1.0,0.0,0.0,0.0,3.0053125,154.27125,0.7366765967404869,0.5,0.75,-0.25,52.2,71.8,62.7,20.0,2.0,0,焦虑
119.0,0.4024770067702469,15.283140726664357,0.018732744487702,2.2294473002734163,0.0043917302226165,0.4666184625189326,14010919.0,2.0,0.0300000000000011,101.9776923076923,95.16107495705504,3.040357143,122.3446429,0.5313434273528805,0.75,1.25,-0.5,52.2,71.8,62.7,20.0,2.0,0,惊奇
3270.0,0.4013738508412577,11.296292911575472,0.0014647111754371,1.5190815124714805,0.0004958961739177,1.5892705833140353,14010919.0,3.0,0.0699999999999931,262.64434782608697,71.13765613391296,3.068611111,168.5561111,1.0752933634043966,0.0,-0.25,-0.25,52.2,71.8,62.7,20.0,2.0,无香,悲伤
5790.0,0.1302540522925285,9.148668687176745,0.0014761633906052,3.30515835139998,129.75039843881157,1.0084362561322038,14020919.0,1.0,0.0,0.0,0.0,2.918611111,163.6933333,0.6884150894415219,1.0,1.0,0.25,52.2,71.8,62.7,20.0,2.0,0,惊奇
109.0,0.3878076943786396,11.634945709685129,0.0113885424711216,7.356788791068165,0.0041727408031791,0.1766298771256786,14020919.0,2.0,0.0099999999999909,92.9442857142857,101.77876439431093,3.670740741,106.0,0.2822008585694741,0.5,1.25,-0.5,52.2,71.8,62.7,20.0,2.0,0,恐惧
6017.0,0.4233060099308415,9.76553988305968,0.0014733047206321,4.124047184969015,5.641870257373093e-05,0.752629773313368,14020919.0,3.0,0.0,268.4243956043956,55.73573017411092,3.217941176,151.8329412,0.8184268782731831,0.0,0.0,-0.25,52.2,71.8,62.7,20.0,2.0,薰衣草,悲伤
15242.0,0.213962887609861,9.148801125203116,0.0019543945382545,2.6666611767182067,98.88613728669256,1.7668997883812854,14040920.0,1.0,0.0,0.0,0.0,2.977105263,162.4218421,0.6937538552662825,-0.25,0.5,-0.25,52.2,71.8,62.7,20.0,2.0,0,焦虑
9673.0,49.44763183115784,11.346785551456522,0.0110403335826706,6.509966277282742,0.1668071571902995,0.2535861583953496,14040920.0,2.0,0.5900000000000034,108.692,32.88557012835062,3.261578947,85.25947368,0.2803723615998235,0.0,0.25,-0.25,52.2,71.8,62.7,20.0,2.0,0,悲伤
15369.0,49.85752678526552,9.853991175797288,0.0014549382814965,2.117499235991376,0.1668432883686806,1.6723974095636531,14040920.0,3.0,0.079999999999984,269.6354166666667,56.89186121707617,3.335151515,147.99,0.7377506813968722,0.0,-0.25,0.0,52.2,71.8,62.7,20.0,2.0,薄荷,悲伤
15216.0,0.2328013103271282,9.149517751401117,0.0024467625670059,-2.2348416830614446,80.7414921465401,0.9306872226565324,15010921.0,1.0,0.0,0.0,0.0,2.947368421,159.7971053,0.8387590197176064,-0.25,0.25,0.75,66.2,65.0,42.1,23.0,2.0,0,藐视
7185.0,48.23951050809044,13.436317055484457,0.0144144585513521,1.6467950564106026,0.1668495417527914,1.989718892174893,15010921.0,2.0,0.0699999999999931,71.87916666666666,65.42336260316766,3.613529412,68.49823529,0.963670452518661,0.25,1.5,2.0,66.2,65.0,42.1,23.0,2.0,0,乐观
15016.0,49.396042235050096,11.396091662243668,0.0029714941084408,-0.2914864392650893,0.1668389034128012,1.3255945819351556,15010921.0,3.0,0.079999999999984,248.6269047619048,99.80903913374006,3.161142857,154.5185714,0.7975990031129788,-0.25,-0.5,0.5,66.2,65.0,42.1,23.0,2.0,无香,依赖
15151.0,0.1936041378755366,9.148585811916034,0.001473743760643,7.4899071907970844,130.72496783294287,0.759548453420849,15020919.0,1.0,0.0,0.0,0.0,2.87575,163.3415,0.6146087886219118,-0.75,-1.25,-1.5,66.2,65.0,42.1,23.0,2.0,0,无聊
14091.0,48.10511576587909,12.360121965319962,0.0188827077502474,9.394634207706858,0.1668470650981259,0.1536071891824339,15020919.0,2.0,0.0999999999999659,142.71212121212122,103.98192254768412,3.466129032,141.2390323,0.2079896527047293,2.25,1.75,2.0,66.2,65.0,42.1,23.0,2.0,0,乐观
15199.0,49.8038393679163,10.5274764979522,0.0039188904482153,7.178954961610167,0.1668316009855574,0.1344427566398912,15020919.0,3.0,0.0,136.4,108.89884285427463,3.5,140.612069,0.2218333707054978,0.0,-0.5,-1.5,66.2,65.0,42.1,23.0,2.0,柠檬,无聊
15074.0,0.2135779526580083,9.14841812068076,0.0029611682351591,8.56990048512625,99.35003121940876,0.6410584919711599,15030919.0,1.0,0.0,0.0,0.0,3.509677419,145.4264516,0.5952958028686605,-0.25,0.0,-2.25,66.2,65.0,42.1,23.0,2.0,0,悲伤
9151.0,49.09047494626525,11.166152676701826,0.0116039155404106,10.23786995988144,0.1668036726027129,0.1453228812429241,15030919.0,2.0,0.1299999999999954,72.57923076923076,78.58047471923666,3.316190476,87.26142857,0.2637276972551603,1.25,2.75,1.5,66.2,65.0,42.1,23.0,2.0,0,惊奇
14996.0,49.76334800833958,10.337120015026205,0.0019834412312403,7.811329461172269,0.1668390241113301,0.2786644235643755,15030919.0,3.0,0.079999999999984,237.29243902439023,89.61792938481614,3.060294118,144.5488235,0.4419272300280062,-0.25,0.75,1.25,66.2,65.0,42.1,23.0,2.0,薰衣草,藐视
15262.0,0.2261588010828444,9.14854043498944,0.0019520815274529,3.570771939735982,86.297810217123,0.9725808266437268,15040921.0,1.0,0.0,0.0,0.0,2.958378378,161.287027,0.6646364680683633,0.0,0.5,0.5,66.2,65.0,42.1,23.0,2.0,0,焦虑
8354.0,49.193364729665255,11.178919276882691,0.0117533176290412,7.064779415985106,0.166803975962205,0.2129739233027683,15040921.0,2.0,0.079999999999984,61.221428571428575,70.18788508172118,3.94125,77.95625,0.3613397527486527,-0.25,2.25,2.25,66.2,65.0,42.1,23.0,2.0,0,敌意
15141.0,49.75121062736036,10.31504804122091,0.0058986665511318,5.734778900020135,0.1668372128318091,0.3966011812842107,15040921.0,3.0,0.079999999999984,199.98806451612904,118.58150596760116,2.885428571,164.6454286,0.5434453173856026,0.25,0.0,1.0,66.2,65.0,42.1,23.0,2.0,薄荷,依赖
3468.0,0.1301496927794641,9.14778766463902,0.001487984115294,3.781682442227719,82.24893701149277,0.9673375020270182,16010922.0,1.0,0.0,0.0,0.0,3.075757576,154.97,0.6840090342971947,-0.25,0.5,3.5,47.9,42.4,41.1,20.0,1.0,0,依赖
45.0,0.405872490598509,11.580978724723543,0.0105167836557412,9.494347991823693,0.011910227433608,0.2760711980497892,16010922.0,2.0,0.3799999999999954,67.87769230769231,63.93777325275498,3.731764706,73.92352941,0.4219104153959722,2.25,3.0,3.75,47.9,42.4,41.1,20.0,1.0,0,乐观
7613.0,0.4118890166064196,10.01042668686637,0.0014890155358548,3.5219394360631,0.0002813883927242,0.4866180100690555,16010922.0,3.0,0.0800000000000409,271.80861538461534,47.83201785341064,2.969411765,158.0611765,0.5802095354263282,0.25,1.25,3.5,47.9,42.4,41.1,20.0,1.0,无香,乐观
14976.0,0.2307152578241766,9.148142511846403,0.0034749979800156,6.935593558535462,82.40869193704529,0.7378384362366329,16020922.0,1.0,0.0,0.0,0.0,3.084857143,151.1982857,0.6110948937060613,0.25,0.75,3.75,47.9,42.4,41.1,20.0,1.0,0,依赖
8076.0,32.489448354088886,12.000403150642288,0.0095193538482616,11.808792513887678,0.1815887023497765,0.304289328992857,16020922.0,2.0,0.0999999999999943,69.12157894736842,65.87595082810513,3.900526316,75.48421053,0.4509964943490916,1.75,3.0,4.0,47.9,42.4,41.1,20.0,1.0,0,乐观
14999.0,48.98292402635296,10.47730016226564,0.0064450197761674,7.155509151871579,0.166835414402042,0.3716606098162561,16020922.0,3.0,0.08,201.88066666666663,115.25334514113774,3.33,146.5688462,0.4801119825026958,0.75,0.25,3.75,47.9,42.4,41.1,20.0,1.0,柠檬,依赖
15060.0,0.2188236563279789,9.149565000504222,0.0059273075929336,-2.2351737646138963,93.47476376362404,2.5367884074912608,16030921.0,1.0,0.0,0.0,0.0,3.363703704,149.0466667,0.8651172257554927,0.25,1.5,3.75,47.9,42.4,41.1,20.0,1.0,0,乐观
9204.0,46.32504481718125,15.453847120164122,0.0169302139001081,0.3348615044611671,0.1671438374660597,3.5158569613500337,16030921.0,2.0,0.0500000000000113,89.83944444444444,75.50455986761641,3.150555556,92.00833333,1.2371025693115172,1.5,3.5,3.75,47.9,42.4,41.1,20.0,1.0,0,乐观
15086.0,49.26272784303863,14.127206771640513,0.0088773893699247,-1.9874225161699672,0.1668135840768087,0.5317626459822715,16030921.0,3.0,0.16,138.49642857142857,99.21740253512144,3.499411765,148.7117647,0.4402831149046067,1.5,0.0,3.25,47.9,42.4,41.1,20.0,1.0,薰衣草,乐观
14515.0,0.2051578124681939,9.14943520407433,0.0040851185985311,-2.4624436051648155,110.5356258007935,3.514276700174672,16040919.0,1.0,0.0,0.0,0.0,2.835862069,141.3924138,0.85936441588642,1.25,1.75,2.75,47.9,42.4,41.1,20.0,1.0,0,乐观
57.0,0.4094209698323134,10.946352838757427,0.0043119008873725,16.404920159720312,0.0050346900940369,0.1752223114024084,17011117.0,2.0,0.0499999999999829,102.35680000000002,61.30355759464536,3.495909091,77.08,0.3062503699447791,2.25,2.25,2.0,31.1,71.8,57.5,19.0,2.0,0,乐观
3446.0,0.4289667175904544,9.992325531591993,0.0014858364013216,9.898343073922614,4.52459281608951e-05,0.4126968803993119,17011117.0,3.0,0.0,250.8480357142857,78.92334121791046,3.096666667,154.2697222,0.6180254118192009,0.25,-0.5,-1.0,31.1,71.8,57.5,19.0,2.0,无香,无聊
13610.0,0.1302085193433449,9.148892832194107,0.0010702328957153,0.7004958943860776,81.79531729617253,1.2713865501600097,17021114.0,1.0,0.0,0.0,0.0,3.305869565,203.5093478,0.6059027318732949,0.0,-1.25,-2.0,31.1,71.8,57.5,19.0,2.0,0,无聊
59.0,0.4099503661787573,12.687620268356314,0.0062686821823744,5.957123600624264,0.0058469551708425,0.3463445431803245,17021114.0,2.0,0.33,73.56384615384617,68.89767290236259,3.424705882,68.54,0.4895390551252196,0.5,1.5,1.75,31.1,71.8,57.5,19.0,2.0,0,惊奇
8673.0,0.4496321621921558,9.810031489794625,0.0014858810790953,1.0822040220360167,7.999119940413994e-06,0.632420375284309,17021114.0,3.0,0.0899999999999749,273.6038947368421,31.07838735553212,3.178823529,150.27,0.6819943252432126,-0.5,0.0,-1.75,31.1,71.8,57.5,19.0,2.0,柠檬,悲伤
750.0,0.1302692128536596,9.148686740112147,0.0014844973760865,7.908778802515965,131.24658583680463,0.660681130981423,17030920.0,1.0,0.0,0.0,0.0,3.154516129,148.0216129,0.6108776827766752,-0.25,0.5,-1.0,31.1,71.8,57.5,19.0,2.0,0,悲伤
102.0,0.4014617225240501,12.158673744001714,0.0140446787708755,9.911973178589072,0.0057913284625986,0.1424009816145095,17030920.0,2.0,0.5100000000000051,120.8755,92.0340140640948,3.855,125.5467857,0.2241644889212358,-0.75,0.5,-0.5,31.1,71.8,57.5,19.0,2.0,0,焦虑
804.0,0.4163092564852538,11.761101369369806,0.0029538259233151,11.082808015673944,0.0044067723677032,0.1948419302786369,17030920.0,3.0,0.1999999999999886,154.28447368421052,83.62664967131774,3.600882353,154.6020588,0.3251156408292941,-1.25,0.0,0.0,31.1,71.8,57.5,19.0,2.0,薰衣草,焦虑
15015.0,0.2127482481311952,9.148702336744815,0.0029715834527269,3.8857820366558737,100.34254901424003,1.643983210383799,17041027.0,1.0,0.0,0.0,0.0,3.136388889,154.7219444,0.6888608677374474,0.25,-0.75,-1.5,31.1,71.8,57.5,19.0,2.0,0,无聊
10417.0,49.45722176584425,10.905743751937829,0.0117059882482855,7.820479668653137,0.1668072627302904,0.5284582750566539,17041027.0,2.0,0.5600000000000023,63.884347826086966,20.3625085637662,3.879545455,104.3995455,0.5383837055296072,1.75,1.5,2.0,31.1,71.8,57.5,19.0,2.0,0,乐观
15372.0,49.82601222205892,9.931924636563592,0.0019395187809987,4.62564591694767,0.1668456658786227,0.8580616025339326,17041027.0,3.0,0.079999999999984,251.2359375,87.96253617281863,3.424857143,150.5748571,0.8093764670558056,0.0,-0.75,-1.75,31.1,71.8,57.5,19.0,2.0,薄荷,无聊
268.0,0.1302148773725517,9.148665492432317,0.0014727343782482,6.233601758319586,139.42586386670996,0.7189180806783613,18010922.0,1.0,0.0,0.0,0.0,3.165,160.4402778,0.6343817154306967,0.5,1.25,0.75,62.0,39.1,41.1,25.0,1.0,0,惊奇
47.0,0.3927573139013841,11.13983967724156,0.0100718960958232,7.946008904399951,0.0014958426435893,0.1313091865961796,18010922.0,2.0,0.660000000000025,113.7627777777778,94.400304190044,3.9576,113.5532,0.2343322488350833,0.75,0.5,0.75,62.0,39.1,41.1,25.0,1.0,0,依赖
519.0,0.3954849023960479,10.740428465443216,0.0053771337171507,8.003739382456725,0.0010794853286513,0.192178684336387,18010922.0,3.0,0.0,129.7227777777778,78.70597434654822,3.135357143,172.8203571,0.2821933463169612,0.75,0.75,1.0,62.0,39.1,41.1,25.0,1.0,无香,惊奇
14983.0,0.2020779332502074,9.148315709275051,0.002977313221921,10.561640641085283,115.29020090916924,0.6512654234533187,18020922.0,1.0,0.0,0.0,0.0,3.345588235,154.4294118,0.56589690900596,1.25,1.0,1.25,62.0,39.1,41.1,25.0,1.0,0,乐观
11320.0,49.552983740080734,10.95771211106223,0.008944701891467,10.579192136172772,0.166806013413766,0.1961594056471704,18020922.0,2.0,0.0900000000000034,115.44192307692308,94.01922017165634,3.86,118.16875,0.3210346609240963,-0.25,0.5,-0.5,62.0,39.1,41.1,25.0,1.0,0,焦虑
15158.0,49.55875888447703,10.80328727474336,0.0098211537471727,11.095780771873034,0.1668147793686613,0.1094965857218185,18020922.0,3.0,0.5600000000000023,148.19148148148147,111.2851291753889,3.223548387,153.7406452,0.167778569964541,0.0,0.5,0.5,62.0,39.1,41.1,25.0,1.0,柠檬,焦虑
3347.0,0.1302101632561647,9.14842944513812,0.0014808946079069,4.285826461936381,98.95716379889684,0.9596844020783678,18031020.0,1.0,0.0,0.0,0.0,3.078529412,155.9526471,0.6720881404320437,-0.25,0.25,0.5,62.0,39.1,41.1,25.0,1.0,0,焦虑
241.0,0.4055551448487675,10.648985151209596,0.0059514778390433,5.113355501950113,0.0003512746280525,0.1093582357980403,18031020.0,2.0,0.1899999999999977,76.48033333333333,51.7471265858201,3.379444444,89.50722222,0.1697665463998725,-0.25,0.25,0.5,62.0,39.1,41.1,25.0,1.0,0,焦虑
3759.0,0.4048242568659135,10.223270059034942,0.0029584214547507,4.244470085637049,5.638406693854192e-05,0.2701025530848155,18031020.0,3.0,0.0,238.016511627907,86.65379173882111,3.056578947,154.8578947,0.4227017468331175,-0.25,0.25,0.5,62.0,39.1,41.1,25.0,1.0,薰衣草,焦虑
3584.0,0.1302121551147018,9.148173064436108,0.0014828938803123,4.735277802947039,92.25743482306632,0.8349131161288539,18040923.0,1.0,0.0,0.0,0.0,3.147142857,153.63,0.6688504409174806,0.75,0.5,0.25,62.0,39.1,41.1,25.0,1.0,0,温和
43.0,0.4133094358127912,11.261540055466885,0.0103177545079712,10.292342940049876,0.003520300987067,0.1408705337784033,19010922.0,2.0,0.5300000000000011,57.76076923076922,56.66954377543529,3.836,80.77333333,0.2633029618381604,1.0,2.25,1.0,44.3,52.5,41.1,19.0,1.0,0,惊奇
898.0,0.3975391913119905,11.361718850288993,0.0054398890213328,9.989561800227174,0.0024911983695896,0.141232104777667,19010922.0,3.0,0.2999999999999971,114.9965,41.79152166109772,3.222285714,159.38,0.2493967637743795,0.25,0.75,0.5,44.3,52.5,41.1,19.0,1.0,无香,焦虑
3634.0,0.1302109537568879,9.148503451599938,0.0024504713319756,2.866933429007489,87.27044622757204,0.9313609328184308,19020923.0,1.0,0.0,0.0,0.0,3.193714286,160.3211429,0.6825315977506786,0.0,0.5,0.75,44.3,52.5,41.1,19.0,1.0,0,依赖
106.0,0.3774800861009038,12.328395088386156,0.0037319412583741,6.545976014033435,0.0016603007651918,0.3221668483262457,19020923.0,2.0,0.2699999999999996,44.34041666666667,12.037499906253604,4.171875,79.75625,0.5194721949575708,1.0,1.5,0.5,44.3,52.5,41.1,19.0,1.0,0,惊奇
2135.0,0.3956362790807352,11.119015887971596,0.0039683161692935,6.732100647630106,0.0019016844113571,0.459345281688455,19020923.0,3.0,0.1999999999999886,152.06437499999998,21.295641857182307,2.918333333,149.7406667,0.6318005691568984,1.75,1.75,0.75,44.3,52.5,41.1,19.0,1.0,柠檬,惊奇
15094.0,0.1919422375497275,9.148738613539908,0.0024646137794031,4.471078486148356,134.23210882019026,0.9803906462041266,19030921.0,1.0,0.0,0.0,0.0,3.018,155.7597143,0.6788053767919837,-1.25,0.25,0.0,44.3,52.5,41.1,19.0,1.0,0,焦虑
181.0,0.1302482582542029,9.148226963169744,0.001959561653523,8.993745993832466,88.23930373151993,0.5842998850523277,19040923.0,1.0,0.0,0.0,0.0,3.356052632,165.9636842,0.5671525556127095,0.5,0.5,0.5,44.3,52.5,41.1,19.0,1.0,0,依赖
67.0,0.4019593577795581,11.510401976196334,0.010290772681237,10.706895450406757,0.0052650532941483,0.1214555133082865,19040923.0,2.0,0.0400000000000204,75.42571428571429,60.03853640005913,3.916,76.24533333,0.2380396921606332,1.0,2.25,1.0,44.3,52.5,41.1,19.0,1.0,柠檬,惊奇
345.0,0.3870518536481449,11.532906490483803,0.0064055050994725,10.45477555512407,0.0034032072246396,0.0815694967231999,19040923.0,3.0,0.0,112.8255,105.5502923480082,3.576285714,152.0897143,0.152621499911244,0.5,0.5,0.75,44.3,52.5,41.1,19.0,1.0,0,依赖
7829.0,0.130207342546855,9.148141022807492,0.0014764719409302,3.0630043544527643,92.4876397563692,1.2085917846670142,20010923.0,1.0,0.0,0.0,0.0,2.8,163.4515,0.694604659444118,-1.25,-1.25,-3.0,55.7,44.5,73.0,20.0,2.0,0,无聊
396.0,0.4097411500416905,10.695348917766752,0.0045524913050332,5.570016782454024,0.0003637140011958,0.1620171556457834,20010923.0,2.0,0.0499999999999829,56.65642857142857,34.76567048667055,3.756470588,78.96941176,0.3121491927009441,-1.25,1.75,2.75,55.7,44.5,73.0,20.0,2.0,薄荷,敌意
8278.0,0.4209162689640346,9.983457954693757,0.0014778400044564,2.013789564052883,0.0002591496039805,0.8537187645648456,20010923.0,3.0,0.079999999999984,276.4189361702128,32.04259251431567,3.020857143,154.1668571,0.7590875588923021,-1.0,-0.75,-1.75,55.7,44.5,73.0,20.0,2.0,0,无聊
2100.0,0.1302137906621405,9.148091694095577,0.0014851219396619,4.594289154541622,94.01826402385576,0.90657330534991,20020922.0,1.0,0.0,0.0,0.0,3.245,152.8297059,0.6751595288385316,-1.25,-1.25,-2.5,55.7,44.5,73.0,20.0,2.0,0,无聊
9535.0,48.42680899918701,10.456137915887856,0.0096921765292579,10.961090835037162,0.1668258377747251,0.2957803831116486,20030923.0,2.0,0.0699999999999931,148.44904761904763,69.70380586075572,3.111481481,95.96555556,0.4264011457768522,-1.5,1.0,-1.0,55.7,44.5,73.0,20.0,2.0,无香,恐惧
15122.0,49.71261171904908,10.250333694185043,0.0034447926065633,6.065209055463559,0.1668535042582583,0.7097813428444109,20030923.0,3.0,0.079999999999984,258.7068181818182,80.58028127764959,3.011351351,160.0086486,0.6526079670809758,-1.25,1.0,2.5,55.7,44.5,73.0,20.0,2.0,0,敌意
15049.0,0.1661764791671688,9.148144864898295,0.0044484147109239,14.443676568898,229.94741059554312,0.6277570460423935,20040922.0,1.0,0.0,0.0,0.0,2.952258065,149.2835484,0.5749866429905015,-3.0,-3.0,-3.0,55.7,44.5,73.0,20.0,2.0,0,无聊
19035.0,45.59788175785326,12.156329344552365,0.0131892889890811,19.94381111375589,0.1673544112554335,0.1789212680380539,20040922.0,2.0,0.1000000000000227,178.36219999999997,105.10290413285448,3.257179487,192.0033333,0.2666967524490063,-3.0,-3.0,-3.0,55.7,44.5,73.0,20.0,2.0,薰衣草,无聊
15138.0,48.03919587807764,10.936560358117012,0.010324513776342,16.74491162406458,0.166853970531252,0.156265705421953,20040922.0,3.0,0.0,163.69199999999998,118.31250925409368,3.2865625,140.38625,0.2575686018729905,-0.5,-0.75,-2.75,55.7,44.5,73.0,20.0,2.0,0,无聊
2048.0,0.1301900416967844,9.147476298678376,0.0014744467952866,14.931201523707967,144.46730902969702,0.6067453678875119,23011021.0,1.0,0.0,0.0,0.0,2.910769231,166.0115385,0.5494467492878244,-1.25,0.25,0.75,62.7,65.0,52.4,20.0,2.0,0,藐视
185.0,0.3908145618587202,10.773479624173676,0.0050682772161489,20.03867944141061,0.0021140409819843,0.0945798474584057,23011021.0,2.0,0.8599999999999994,102.59117647058824,42.13366306555602,3.7068,129.9364,0.1752928714097598,-0.5,1.75,1.5,62.7,65.0,52.4,20.0,2.0,薄荷,敌意
4237.0,0.4094496158165417,10.48358787730391,0.0014636714177903,16.381560279807914,0.0001071034886654,0.1744322161298694,23011021.0,3.0,0.0,273.81590476190473,45.672620238163496,3.127567568,155.2,0.3239683642879143,-0.75,-0.5,-0.75,62.7,65.0,52.4,20.0,2.0,0,悲伤
14995.0,0.1995196363865894,9.148974353955584,0.0014876257112184,3.163287919379861,119.5408823751296,0.9313113376613044,23031022.0,1.0,0.0,0.0,0.0,3.151944444,155.5683333,0.6848012581186155,1.75,1.5,2.0,62.7,65.0,52.4,20.0,2.0,0,乐观
12350.0,49.8360820366899,10.695164430455405,0.0017722055178579,4.595102029107711,0.1668196985861876,0.2431633140878656,23031022.0,2.0,0.2999999999999971,108.22833333333334,25.21204082928984,3.385384615,104.3430769,0.3753337919619395,1.25,2.0,0.5,62.7,65.0,52.4,20.0,2.0,无香,惊奇
15019.0,49.8694536721691,10.661332475472692,0.0014855237357237,3.320255062209881,0.1668265959779475,0.4027723887901321,23031022.0,3.0,0.079999999999984,183.44078431372552,124.80578663856022,3.139189189,155.0572973,0.2196577070837501,-1.0,-0.5,-2.75,62.7,65.0,52.4,20.0,2.0,0,无聊
15035.0,0.216731657715567,9.14766039724254,0.0024734193269558,12.77752998669994,95.71073824012558,0.5404358644000838,23041024.0,1.0,0.0,0.0,0.0,3.212,154.3325714,0.5192919007492678,-0.75,-1.0,-2.0,62.7,65.0,52.4,20.0,2.0,0,无聊
10454.0,49.471821392762784,10.77176033464256,0.0041183709726055,15.830000117169394,0.1668028226961639,0.1402728663297515,23041024.0,2.0,0.5999999999999943,75.156,15.34412082851279,3.950909091,95.25136364,0.220130496358995,2.0,2.75,1.25,62.7,65.0,52.4,20.0,2.0,薰衣草,惊奇
15108.0,49.84819604906722,10.6058554115266,0.0019701588925059,12.74507315378123,0.1668423639520663,0.138108270648689,23041024.0,3.0,0.0800000000000409,243.5986206896552,95.47158108384518,3.1278125,155.9175,0.2384653374354231,-0.25,0.0,-2.0,62.7,65.0,52.4,20.0,2.0,0,悲伤
412.0,0.1302096664871471,9.14850820648513,0.0014811608511097,9.877390953408096,394.4018823212389,0.8122770024092484,24011009.0,1.0,0.0,0.0,0.0,3.2825,150.29,0.6467559579755391,1.5,1.0,2.25,38.1,65.0,62.7,23.0,2.0,0,乐观
70.0,0.398140180438198,11.366816352634348,0.0125826515437555,11.748724058806912,0.0046901921823328,0.0952003692635328,24011009.0,2.0,0.7299999999999995,70.734,74.66493034885923,3.974761905,78.97904762,0.176173463032513,1.25,1.25,2.0,38.1,65.0,62.7,23.0,2.0,薄荷,乐观
1421.0,0.3908794236530906,13.52788387300587,0.0048153993487969,11.90004954782144,0.0034139160467259,0.1678831669538183,24011009.0,3.0,0.2700000000000386,579.6756521739131,343.9914547418936,3.19224,684.04776,0.2140725485027267,0.25,1.0,1.75,38.1,65.0,62.7,23.0,2.0,0,依赖
839.0,0.1301337672136479,9.147884395252207,0.0014661433723963,3.4451938880609587,98.1258390395586,0.987746269050371,24021009.0,1.0,0.0,0.0,0.0,2.992941176,155.4579412,0.6653176880425443,-0.75,-0.75,-1.25,38.1,65.0,62.7,23.0,2.0,0,无聊
43.0,0.3964472212463808,11.839262384712324,0.0138806534182736,10.995229071226555,0.0106977786402248,0.1529053930047999,24021009.0,2.0,0.5300000000000011,117.5731818181818,68.54932248099398,3.836190476,81.69047619,0.2738968066730463,0.0,1.0,2.75,38.1,65.0,62.7,23.0,2.0,无香,依赖
433.0,0.3969930946178068,11.451552416208738,0.0044829924792504,10.020213921084906,0.0056906002647808,0.263847719490348,24021009.0,3.0,0.0600000000000022,153.32076923076923,106.41750632886696,3.675333333,156.2556667,0.4198628939781375,2.5,1.25,2.75,38.1,65.0,62.7,23.0,2.0,0,乐观
15143.0,0.2121757052429516,9.147946772930757,0.001965987677721,4.042629695960428,101.06657363860532,1.082454239762204,24031007.0,1.0,0.0,0.0,0.0,2.772,163.6995,0.6847749596522744,-0.25,-0.25,1.0,38.1,65.0,62.7,23.0,2.0,0,依赖
10178.0,45.22697247358283,11.966032357301764,0.0217954884899497,13.48494936713482,0.1674038425579069,0.214930692902126,24031007.0,2.0,0.1200000000000045,122.56482758620687,85.99330012477475,3.354615385,104.2526923,0.3295121727083711,1.0,0.5,2.0,38.1,65.0,62.7,23.0,2.0,柠檬,依赖
15444.0,48.12109852469932,11.58093196903917,0.0077254009714548,10.52653278105926,0.1668376413108674,0.1839488730242648,24031007.0,3.0,0.0999999999999659,191.9947058823529,130.62309281997065,3.136571429,162.5502857,0.2958625588449564,-0.5,-0.25,2.75,38.1,65.0,62.7,23.0,2.0,0,依赖
926.0,0.1301896393460558,9.148342432377072,0.0014766924167882,6.035524048939461,189.6449624588024,0.7615085368904994,24041007.0,1.0,0.0,0.0,0.0,2.984054054,160.8708108,0.6426003167130049,-0.75,-0.5,2.25,38.1,65.0,62.7,23.0,2.0,0,依赖
76.0,0.3906650873202582,11.619866993595362,0.0117719129026906,8.297345441886216,0.0033040353309248,0.1323941658389912,24041007.0,2.0,0.0,98.60212121212122,97.21683997275544,3.666086957,111.5921739,0.2259058311322449,1.5,1.25,3.0,38.1,65.0,62.7,23.0,2.0,薰衣草,乐观
1934.0,0.3894517511089622,11.611511731853502,0.0083734255415502,6.032395058770615,0.0012903990669532,0.1031826734334178,24041007.0,3.0,0.3100000000000023,109.2377777777778,106.34254471886572,3.1415625,152.0896875,0.1695011663243913,0.5,0.5,1.5,38.1,65.0,62.7,23.0,2.0,0,依赖
1643.0,0.1301548706343413,9.148608914541486,0.0024816177672071,4.026987588611599,113.38075963099098,0.8510849145191356,25011012.0,1.0,0.0,0.0,0.0,3.256060606,152.2369697,0.6717659752776792,-0.25,-0.75,-1.0,51.4,76.1,55.2,21.0,1.0,0,无聊
74.0,0.3998112743311478,11.75376430063272,0.0087317918675109,6.189854387686994,0.0015331368547009,0.1091487979399603,25011012.0,2.0,0.8700000000000045,73.39769230769231,83.33417843042888,3.465769231,108.4796154,0.2015260654156134,0.0,-1.5,1.5,51.4,76.1,55.2,21.0,1.0,薄荷,依赖
1898.0,0.3970499290098408,10.53355850802678,0.0044360394269345,4.67347730236552,0.0002280037772779,0.1848079498286939,25011012.0,3.0,0.3599999999999994,127.26916666666666,66.73367846127037,3.024666667,146.6146667,0.320654769413309,-0.25,-1.5,2.0,51.4,76.1,55.2,21.0,1.0,0,依赖
5295.0,0.1302089289883662,9.148811042081704,0.0014858364013216,1.8159234399439448,101.4772743656541,0.9939046388313428,25021013.0,1.0,0.0,0.0,0.0,3.112222222,155.5275,0.7027712925532611,0.25,0.25,2.0,51.4,76.1,55.2,21.0,1.0,0,依赖
689.0,0.3779433070200056,11.393846807587652,0.0057683651924642,2.263222010316329,0.0001265727005523,0.1560367946745196,25021013.0,2.0,0.2600000000000051,69.77904761904763,14.373260194429797,3.758666667,77.18133333,0.2978184977160644,0.0,0.25,2.5,51.4,76.1,55.2,21.0,1.0,无香,依赖
10135.0,0.5748155545082119,10.007486620979936,0.0014794763364238,0.7101252090091958,2.167497940967637e-06,0.4315255050221755,25021013.0,3.0,0.0,269.8917073170732,53.76542171967801,2.904210526,154.3439474,0.5579082399213993,0.25,0.5,-1.25,51.4,76.1,55.2,21.0,1.0,0,悲伤
1963.0,0.1302085040621808,9.149059645467808,0.001476427854037,1.1633109045382557,92.9148271804242,0.9950644625214158,25031115.0,1.0,0.0,0.0,0.0,2.992777778,161.2538889,0.7034733215886101,0.0,0.0,2.0,51.4,76.1,55.2,21.0,1.0,0,依赖
25.0,0.4061764461557884,10.877112762778522,0.0041191774960405,3.509906585327601,0.0002990551228825,0.1663633079851042,25031115.0,2.0,0.6400000000000006,105.39166666666668,19.94628571661624,4.106428571,94.49928571,0.2981960079286679,-0.25,0.25,3.0,51.4,76.1,55.2,21.0,1.0,柠檬,依赖
1775.0,0.3913433849112133,10.871090514133536,0.0029767750725315,1.6571313417879083,0.0002475077107013,0.420427894425018,25031115.0,3.0,0.079999999999984,272.8205405405405,47.19830579563303,3.071818182,145.8633333,0.5415342777959699,-0.5,-1.5,2.25,51.4,76.1,55.2,21.0,1.0,0,依赖
15998.0,0.2179775332840468,9.147930494794153,0.0046770717274217,11.648664088785653,94.36709928564996,0.6193625399239322,25041117.0,1.0,0.0,0.0,0.0,3.2703125,151.4515625,0.5561073208597239,-0.5,-1.25,2.0,51.4,76.1,55.2,21.0,1.0,0,依赖
7707.0,48.80250294432331,10.940999835650905,0.0045122408070497,13.915193186362435,0.1668077130572642,0.2343724085329242,25041117.0,2.0,0.0700000000000216,103.71272727272726,53.21915036233908,4.294444444,75.78388889,0.4364500678229698,-0.25,-0.25,2.0,51.4,76.1,55.2,21.0,1.0,薰衣草,依赖
15018.0,49.81849981413946,10.51877364658221,0.0029712261093596,6.992322671672492,0.1668284529379705,0.647153230638815,25041117.0,3.0,0.09,265.7479347826087,56.86638663947735,3.185294118,150.7329412,0.7135826349364424,0.5,0.5,1.75,51.4,76.1,55.2,21.0,1.0,0,依赖
18121.0,0.2239025205295261,9.148243997636332,0.0029250506436675,10.258625193419377,88.37464844726452,0.5883369914364226,26011019.0,1.0,0.0,0.0,0.0,3.226060606,166.98,0.5150764237278691,2.25,1.0,1.5,33.7,45.8,41.1,20.0,1.0,0,乐观
9437.0,48.63062254102345,11.460977525109948,0.0105350559645007,11.600986143424985,0.1668209670351766,0.2063062719750353,26011019.0,2.0,0.0699999999999931,114.62439999999998,73.20483705766989,3.64,98.33666667,0.3425074662888109,0.5,-0.5,1.5,33.7,45.8,41.1,20.0,1.0,薄荷,依赖
15164.0,49.50226008053321,11.05292196899764,0.006381658941331,9.381143607655998,0.1668276203137984,0.1750271817883321,26011019.0,3.0,0.5700000000000003,118.06315789473685,91.42390526107268,3.148333333,158.1786667,0.2511153122615854,0.0,2.5,2.25,33.7,45.8,41.1,20.0,1.0,0,惊奇
654.0,0.1302558507943267,9.146558795005785,0.0014723397968133,29.19482653962413,132.30171849271932,0.4050996949140814,26021017.0,1.0,0.0,0.0,0.0,2.873589744,160.4182051,0.3981639413641462,1.5,1.5,0.75,33.7,45.8,41.1,20.0,1.0,0,惊奇
108.0,0.40571472555185,10.874684351234617,0.0139155073674059,36.34824622860503,0.0057228194705997,0.0373082366887743,26021017.0,2.0,0.0,112.21333333333334,82.43584990093139,3.252758621,127.3144828,0.0769361418804016,1.25,0.5,-1.0,33.7,45.8,41.1,20.0,1.0,无香,惊奇
668.0,0.3954177847166565,10.879996418403882,0.0126165089676374,36.31231834347651,0.0048854804172215,0.0245654587221045,26021017.0,3.0,0.0,120.9195238095238,76.66866762251277,3.244827586,144.4975862,0.0449307857747822,-0.25,1.25,0.75,33.7,45.8,41.1,20.0,1.0,0,恐惧
15097.0,0.2173862392772538,9.14803931960503,0.0064068460079727,11.066888466864071,95.02745855569184,0.6128729473724485,26031019.0,1.0,0.0,0.0,0.0,3.080344828,156.4103448,0.5427744938353237,0.0,2.5,2.5,33.7,45.8,41.1,20.0,1.0,0,敌意
8443.0,48.588774425471705,11.115764755736798,0.009978421188736,12.439549988320712,0.1668144187314527,0.2204632640585784,26031019.0,2.0,0.0800000000000125,73.97285714285714,71.56623739371715,4.19,74.124375,0.362494730080621,0.0,1.75,0.5,33.7,45.8,41.1,20.0,1.0,柠檬,恐惧
15023.0,49.78150325671457,10.328354948852004,0.0034652845258778,6.234134223266389,0.1668497289253739,0.3340819154340041,26031019.0,3.0,0.0,202.79875,106.24290750102256,3.000285714,147.3074286,0.4659844274251822,-0.25,1.5,1.25,33.7,45.8,41.1,20.0,1.0,0,藐视
823.0,0.1301925577626217,9.146554488962543,0.0038910416138876,28.32601597273846,100.642624851216,0.3862762661972708,26041017.0,1.0,0.0,0.0,0.0,3.0475,149.4259375,0.3545249052489216,0.25,2.5,-1.5,33.7,45.8,41.1,20.0,1.0,0,恐惧
81.0,0.4053231891343102,10.992507019639085,0.0128710917248334,28.55459496507441,0.0086826384215987,0.0772265894118802,26041017.0,2.0,0.6099999999999994,95.99666666666666,77.9948197994941,4.315,99.679375,0.1552905917035705,0.0,2.0,-1.5,33.7,45.8,41.1,20.0,1.0,薰衣草,恐惧
1142.0,0.400166716006432,10.8488221952449,0.003939729075873,27.341382006225327,0.0045171408904,0.1524085328654496,26041017.0,3.0,0.3900000000000148,159.04482758620688,46.916544734217794,3.115,141.7826667,0.2840546951728171,0.0,0.5,-0.25,33.7,45.8,41.1,20.0,1.0,0,焦虑
15060.0,0.2176257262104882,9.148777574239343,0.0069151921917559,4.850983345833706,94.81207062239136,1.2005583542330696,27011019.0,1.0,0.0,0.0,0.0,3.624571429,158.538,0.7163740855469329,2.0,0.75,2.0,48.7,37.7,47.2,21.0,2.0,0,乐观
8875.0,47.91021041273418,12.529343634039396,0.0206731344394167,8.363997468323635,0.1668771133689867,0.2450338525478783,27011019.0,2.0,0.0699999999999931,73.83812499999999,74.99292935160204,3.495,82.9265,0.3900516053398443,0.75,1.5,2.5,48.7,37.7,47.2,21.0,2.0,薄荷,乐观
14979.0,48.54177892520722,10.897081075777832,0.0069491580452963,6.20386425944408,0.1667622576710228,0.435992227061373,27011019.0,3.0,0.1399999999999863,154.74312500000002,118.08471062751676,2.992727273,148.079697,0.4762672968753126,0.75,-1.0,0.5,48.7,37.7,47.2,21.0,2.0,0,温和
15514.0,0.1968478708567704,9.148412614338726,0.0038469548376193,2.9903067554437937,124.238004498998,1.018718028408453,27021019.0,1.0,0.0,0.0,0.0,3.01,155.6441667,0.6897342677551271,0.0,0.0,1.25,48.7,37.7,47.2,21.0,2.0,0,依赖
11080.0,43.92028836169682,13.573496098915838,0.018889911262686,8.223579024372311,0.168191177663471,0.3256334987065064,27021019.0,2.0,0.0699999999999931,119.73764705882353,80.70439652207976,3.425238095,104.3947619,0.4655436709883687,1.5,0.75,2.5,48.7,37.7,47.2,21.0,2.0,无香,乐观
15080.0,49.09418208009927,11.765252893007176,0.0034535584527885,5.250142342290864,0.1668028910807936,0.9775907362597432,27021019.0,3.0,0.0900000000000318,205.3006818181818,107.03736262288228,3.507567568,155.5905405,0.7658866095168538,0.5,0.5,1.0,48.7,37.7,47.2,21.0,2.0,0,依赖
15055.0,0.2277445808468295,9.14823452660907,0.0044466804837147,5.511994810936636,84.91930903052761,1.1538468920869929,27031020.0,1.0,0.0,0.0,0.0,2.941351351,157.3162162,0.6831685619512923,-0.5,-0.75,0.5,48.7,37.7,47.2,21.0,2.0,0,依赖
9275.0,48.49081815286194,11.326719521903929,0.0045855758747857,9.265855413456498,0.1668332150118349,0.3968563764415933,27031020.0,2.0,0.079999999999984,98.6415,78.70774226688249,3.779333333,98.42266667,0.5858980106362363,-1.0,0.25,0.75,48.7,37.7,47.2,21.0,2.0,柠檬,藐视
15599.0,48.62066865244937,11.241437710533823,0.0043066415432876,7.599912498556343,0.1667958637901715,0.6664113879002627,27031020.0,3.0,0.0600000000000022,186.552,86.22362672724918,3.394705882,166.2361765,0.7781845693095091,0.75,0.5,-0.5,48.7,37.7,47.2,21.0,2.0,0,悲伤
1788.0,0.1302230291392127,9.14806766149984,0.0039432640984632,7.042934708293359,85.10917549995689,0.8006032058641307,27041020.0,1.0,0.0,0.0,0.0,3.270571429,154.3328571,0.6551148029210583,0.5,0.25,0.75,48.7,37.7,47.2,21.0,2.0,0,依赖
52.0,0.384746207491529,11.963058871481854,0.0103076100962472,14.897048766811611,0.0379104604989604,0.2755297299520398,27041020.0,2.0,0.0200000000000102,54.691,52.61734684493318,3.880625,62.11875,0.3942095182062468,1.0,1.25,2.25,48.7,37.7,47.2,21.0,2.0,薰衣草,乐观
2849.0,0.4015365979746456,11.107348906611463,0.0034564562720788,9.56524598264473,0.0218888062133201,0.4460932887289399,27041020.0,3.0,0.0699999999999931,163.156,94.1721260458741,3.198611111,156.9541667,0.5461273451565679,1.0,0.5,0.0,48.7,37.7,47.2,21.0,2.0,0,惊奇
1531.0,0.1302330416006521,9.148619190150187,0.0049116010124625,4.787536479936986,83.72675851157541,1.891743963623844,28011022.0,1.0,0.0,0.0,0.0,2.996666667,157.1808333,0.722378188906487,-0.25,-0.5,0.0,45.2,47.9,47.2,21.0,2.0,0,无聊
2184.0,0.3879810493622015,12.87534305101748,0.0053500292756861,8.868736742262872,0.0135791169636891,0.458542046370223,28011022.0,2.0,0.5300000000000011,42.38016129032258,19.664659597123965,4.059166667,69.76166667,0.5385791510901091,-0.75,-0.25,0.0,45.2,47.9,47.2,21.0,2.0,薄荷,悲伤
1291.0,0.3985636217925403,11.88223988564486,0.0019654602535013,1.7604969355386766,0.0064186529903545,1.6180222816178316,28011022.0,3.0,0.0,190.9028571428572,120.45215561307624,3.3375,145.5688889,1.5105549710830757,-1.0,-0.25,0.25,45.2,47.9,47.2,21.0,2.0,0,悲伤
9999.0,0.1302114639735014,9.149304438481511,0.0034566634541907,0.767880280827405,149.06224930056166,1.390116248291723,28021021.0,1.0,0.0,0.0,0.0,3.432121212,148.9657576,0.7456696413263558,-0.75,0.0,-0.25,45.2,47.9,47.2,21.0,2.0,0,悲伤
1646.0,0.4006784967512524,10.513229693325702,0.0021259621239832,3.6980297197748704,2.3906620590080885e-05,0.1757970168492535,28021021.0,2.0,0.0,174.2821153846154,33.87164132293803,3.3716,100.42,0.3141266822572096,-0.75,-0.25,-0.25,45.2,47.9,47.2,21.0,2.0,无香,悲伤
7882.0,0.3995947699118292,11.465190726399648,0.0016423204873099,4.520160370102317,0.0006359625173313,0.3019914360051332,28021021.0,3.0,0.4399999999999977,276.97,4.570000000000022,3.528214286,278.6483929,0.4407997379768008,-0.75,-0.75,0.0,45.2,47.9,47.2,21.0,2.0,0,无聊
2716.0,0.1302036776194172,9.148825742026492,0.0013381954551449,2.4946795647837474,81.55166895577386,0.87804843855259,28031020.0,1.0,0.0,0.0,0.0,2.990540541,169.5408108,0.6623718342634982,-0.5,0.0,-0.25,45.2,47.9,47.2,21.0,2.0,0,悲伤
321.0,0.4004198062249328,11.300569245330143,0.0041342024346359,2.9169856852942573,0.0003797162932549,0.2378648434153841,28031020.0,2.0,0.3799999999999954,102.48,14.174227572348602,3.387,112.267,0.3846165973365815,-0.25,0.0,0.0,45.2,47.9,47.2,21.0,2.0,柠檬,悲伤
4481.0,0.4061162786814375,10.117309959096849,0.0024660891077695,2.1662375033507733,4.348368485155173e-05,0.3286150838906284,28031020.0,3.0,0.079999999999984,283.95254901960783,10.432658534176907,3.187714286,153.3957143,0.4668138925273374,-0.75,-0.25,0.0,45.2,47.9,47.2,21.0,2.0,0,悲伤
997.0,0.1302117698888585,9.14893668093128,0.0034646598049794,4.027420793461401,91.60116748638724,0.8900422262133211,28041020.0,1.0,0.0,0.0,0.0,3.151935484,146.5812903,0.6743984973338939,-1.0,-0.5,0.0,45.2,47.9,47.2,21.0,2.0,0,悲伤
480.0,0.4036125285276655,10.353019338989164,0.0020039163649551,3.431287601728219,0.0001776305441083,0.4004445574716776,28041020.0,2.0,0.3400000000000034,150.1310344827586,83.68702092525243,3.446153846,98.29269231,0.5695433837640037,0.0,0.0,0.0,45.2,47.9,47.2,21.0,2.0,薰衣草,悲伤
8180.0,0.3928422060946157,10.919398376405267,0.0014819157519481,1.4268732461598177,3.365841975751271e-05,0.2269955002649537,28041020.0,3.0,0.079999999999984,217.3488095238095,106.96639412634369,3.171111111,162.5977778,0.3974666997236905,-0.25,-0.5,-0.25,45.2,47.9,47.2,21.0,2.0,0,无聊
1015.0,0.1305352212230441,9.14959798647077,0.0014819157519481,0.2694418894384254,128.74428401926488,165.2822289082823,29011024.0,1.0,0.0,0.0,0.0,3.154722222,155.5702778,0.7417315110911015,-0.5,-0.25,-2.0,44.3,42.4,45.8,18.0,1.0,0,悲伤
29.0,0.3913423525561527,10.980727518827646,0.0047736203296229,6.358258909368167,0.0022983649872664,0.218619880084564,29021026.0,2.0,0.6099999999999852,105.5607142857143,61.91137034552881,3.483913043,78.89869565,0.3465803329596157,1.0,0.5,-1.0,44.3,42.4,45.8,18.0,1.0,薄荷,惊奇
339.0,0.3901495080717757,12.044558373676567,0.0068244115047669,7.563596942272924,0.0052229285480579,0.3252329651194671,29021026.0,3.0,0.0699999999999931,178.48529411764707,61.44489354340647,3.283870968,162.9580645,0.4779935933488562,0.0,0.0,0.5,44.3,42.4,45.8,18.0,1.0,0,依赖
2613.0,0.1302146515798651,9.148881961994691,0.0024178645797034,6.195161300777665,122.93832834270708,0.717683892109147,29031019.0,1.0,0.0,0.0,0.0,3.198947368,154.0539474,0.625564591170189,1.0,1.5,-1.0,44.3,42.4,45.8,18.0,1.0,0,惊奇
300.0,0.3945036450520898,11.639001250847588,0.0069862762682574,7.215911835285858,0.0020940244828201,0.1726931117251274,29031019.0,2.0,0.769999999999996,58.27666666666667,8.911869737727445,3.320769231,117.115,0.2798749892121527,-0.25,0.5,-1.0,44.3,42.4,45.8,18.0,1.0,柠檬,悲伤
2889.0,0.4064138455162082,10.695751368380437,0.0034351527440982,6.846932079735447,0.002850526059826,0.3680689558868649,29031019.0,3.0,0.25,182.11689655172407,130.50528199387043,4.006774194,158.4335484,0.4856767398700385,-0.25,-0.25,-0.5,44.3,42.4,45.8,18.0,1.0,0,悲伤
14998.0,0.2184032498365286,9.148683866604696,0.0024788537600644,5.497788583417401,93.91577802094464,0.8262630273240364,29041114.0,1.0,0.0,0.0,0.0,3.025882353,145.4073529,0.6290969633973442,1.5,1.5,0.5,44.3,42.4,45.8,18.0,1.0,0,惊奇
9371.0,49.208385199053176,11.388704287176305,0.015903289208629,6.145432398338577,0.166803949692774,0.2228956352301137,29041114.0,2.0,0.079999999999984,85.934,84.74907061830629,3.757777778,90.57388889,0.3184276491035512,1.0,1.25,0.0,44.3,42.4,45.8,18.0,1.0,薰衣草,惊奇
15034.0,47.26810123014885,13.053652575691222,0.0128629392726133,7.310300943663359,0.1669999896623567,0.3311954231373182,29041114.0,3.0,0.5,133.98642857142858,73.0159791324712,3.503870968,156.3270968,0.2911804252384432,0.5,0.75,-1.0,44.3,42.4,45.8,18.0,1.0,0,悲伤
14978.0,0.1816898675372151,9.149021348907986,0.0014891501794563,2.287046841071065,160.97637620861238,1.1107920614380564,30011019.0,1.0,0.0,0.0,0.0,3.1625,155.3852778,0.706569325429659,0.5,-0.25,-1.0,54.9,69.4,50.5,23.0,1.0,0,无聊
14993.0,49.45544780335738,11.987686491171656,0.008927098155357,5.92993652282285,0.1668087854211997,0.2415497664358592,30011019.0,2.0,0.730000000000004,114.93866666666666,76.83919293925175,3.244666667,152.3533333,0.212223914182326,1.0,-1.0,-3.25,54.9,69.4,50.5,23.0,1.0,薄荷,无聊
16308.0,49.855229682477095,9.922390099372944,0.0022983929352102,2.292325080685478,0.1668343660346102,1.4599679302696915,30011019.0,3.0,0.0800000000000409,278.6682407407407,79.80437604993739,3.370540541,166.0137838,0.7264085981378853,-1.0,-1.25,-2.5,54.9,69.4,50.5,23.0,1.0,0,无聊
4128.0,0.1302109565401976,9.147345342946991,0.0014948283469201,9.381119121572008,98.11340327851764,0.7408187191632164,30021021.0,1.0,0.0,0.0,0.0,2.953611111,155.6419444,0.6250514542212431,-1.0,-1.25,3.0,54.9,69.4,50.5,23.0,1.0,0,依赖
319.0,0.3892133215160815,10.780464247971096,0.0060384790515134,13.080655602922793,0.0024189367813509,0.1140390241007504,30021021.0,2.0,0.2300000000000182,109.1,77.83438681860719,3.014347826,99.35391304,0.2161784890123645,1.75,2.0,4.0,54.9,69.4,50.5,23.0,1.0,无香,乐观
3242.0,0.3867297203049805,10.346584153512817,0.0014681011048913,16.223613201151885,0.006627234157743,0.4192867500821854,30021021.0,3.0,1.480000000000004,108.14,15.782401591646313,2.9075,158.3713889,0.5891223782672169,-0.75,-0.75,1.0,54.9,69.4,50.5,23.0,1.0,0,依赖
15330.0,0.1962515468504488,9.14928385567218,0.0019442600180724,-1.7503678495230142,125.45661096271118,1.2912552008299572,30031020.0,1.0,0.0,0.0,0.0,2.990789474,165.1642105,0.8134185788460943,-2.0,-0.25,-2.25,54.9,69.4,50.5,23.0,1.0,0,悲伤
12267.0,49.3966920641914,15.070320188872948,0.0106980365227749,2.0919151303207486,0.1668103697895263,1.2546166164601609,30031020.0,2.0,0.79,69.9575,54.8324643231544,3.3424,116.6608,0.6539278974655076,1.5,2.25,2.0,54.9,69.4,50.5,23.0,1.0,柠檬,乐观
16192.0,49.867245405446816,9.76021377388192,0.0013879609192803,-2.4015987963458363,0.1668492972386317,0.7346687887703904,30031020.0,3.0,0.079999999999984,294.0340404040404,44.43193380048738,3.564166667,155.2288889,0.5147577916951702,-1.0,1.25,1.25,54.9,69.4,50.5,23.0,1.0,0,敌意
15054.0,0.216375720808862,9.148423707192096,0.0019764209758514,5.018905600725848,96.1077459777278,0.9983957064728776,30041021.0,1.0,0.0,0.0,0.0,3.181142857,154.3311429,0.6670771428556629,-0.75,-1.25,1.0,54.9,69.4,50.5,23.0,1.0,0,依赖
10656.0,49.46643038078134,11.197784723759318,0.0155163205724409,9.802432561690786,0.1668065362394509,0.1808921635572732,30041021.0,2.0,0.8599999999999994,87.57300000000001,25.07025689936184,3.699090909,114.82,0.2456697477744167,2.25,3.0,4.0,54.9,69.4,50.5,23.0,1.0,薰衣草,乐观
15007.0,49.86560429363645,10.092216694616171,0.0019821284087975,5.4583426962657775,0.1668486343552198,0.3922914671324662,30041021.0,3.0,0.079999999999984,262.71546666666666,62.05369129591637,3.2,152.4644444,0.56818085048509,-1.0,-1.75,-2.0,54.9,69.4,50.5,23.0,1.0,0,无聊
10201.0,0.1301169795147601,9.146902099469155,0.001483472501544,2.6959247265716586,79.21362428746215,1.1563977670172207,32011024.0,1.0,0.0,0.0,0.0,3.093333333,157.9008333,0.7024502449856955,-0.75,-1.0,0.5,58.5,52.5,50.5,22.0,1.0,0,无聊
1012.0,0.4024803030575034,11.701706754919044,0.0037548215911848,3.188408964850507,0.0011603101552811,0.4664484464093633,32011024.0,2.0,0.0300000000000011,125.69673469387754,35.00326739196337,3.901333333,73.83666667,0.6376749722278006,2.0,2.25,1.0,58.5,52.5,50.5,22.0,1.0,薄荷,惊奇
6090.0,0.4166394896948851,10.37754574574136,0.0024683795282822,3.9869576374086,0.0012603631624921,0.5572466649138396,32011024.0,3.0,0.079999999999984,109.71571428571428,100.51263855955668,3.2496875,145.980625,0.6674642688694972,-1.5,-1.5,-2.5,58.5,52.5,50.5,22.0,1.0,0,无聊
14977.0,0.227840640437229,9.14698380235686,0.0064531786207532,17.374556623342816,84.71879262971946,0.5044659952511963,32021021.0,1.0,0.0,0.0,0.0,3.118181818,155.0312121,0.4882938337197468,0.25,0.25,2.0,58.5,52.5,50.5,22.0,1.0,0,依赖
7624.0,47.41231098349308,11.13090960426566,0.0145799571118425,16.596666324594516,0.166932424084754,0.1038346962174611,32021021.0,2.0,0.1099999999999852,81.74666666666666,63.93020469404288,3.712777778,71.04777778,0.1881014293671516,1.75,2.5,-0.75,58.5,52.5,50.5,22.0,1.0,无香,惊奇
14986.0,48.50025047880557,11.178093092004737,0.0044652971249078,14.835469337301989,0.1668704695384804,0.168787310879279,32021021.0,3.0,0.079999999999984,222.82367346938776,110.48817723609436,3.05,152.4630769,0.3169749282457312,-1.0,-0.75,-2.5,58.5,52.5,50.5,22.0,1.0,0,无聊
2227.0,0.1302115146991709,9.148264494941523,0.0039443259019545,5.953244117467328,87.84593635471836,0.8611287233237309,32031020.0,1.0,0.0,0.0,0.0,3.304516129,150.6148387,0.6542720945869893,1.0,0.75,1.5,58.5,52.5,50.5,22.0,1.0,0,乐观
93.0,0.3967257025528387,10.961763362551276,0.0063716173761744,9.929463101947082,0.0027806912150281,0.1781169414402937,32031020.0,2.0,0.0400000000000204,109.56199999999998,46.30183829323986,4.146428571,67.03714286,0.3178987557539258,2.0,2.25,0.0,58.5,52.5,50.5,22.0,1.0,柠檬,惊奇
2435.0,0.3868078381631584,10.631655182810327,0.0014805841175795,9.622453512006736,0.0024417539580096,0.4413630678274387,32031020.0,3.0,1.1799999999999995,114.59833333333334,34.40641045729059,3.13125,154.8778125,0.6723295220385271,-0.25,0.0,-1.75,58.5,52.5,50.5,22.0,1.0,0,悲伤
5165.0,0.1302147987868297,9.14850612816646,0.0039492889186553,4.574253920791329,105.68915054164393,1.0240509734265668,32041020.0,1.0,0.0,0.0,0.0,3.279705882,153.0302941,0.683029732649065,0.75,1.0,0.25,58.5,52.5,50.5,22.0,1.0,0,惊奇
382.0,0.3825122099057792,11.693005586896646,0.0050344299256745,5.3075145894867175,0.0012753018776519,0.1568020786782909,32041020.0,2.0,0.5,95.90214285714286,24.41198130268104,4.195625,95.6225,0.3042174110272217,1.5,1.75,-1.5,58.5,52.5,50.5,22.0,1.0,薰衣草,惊奇
7709.0,0.3803047784168568,10.00993091330209,0.0014876705018329,2.618196567210597,0.0001053591231371,0.482984127606159,32041020.0,3.0,0.0,273.72279069767444,42.40251554766705,3.254545455,153.1460606,0.5977064062268168,-0.25,-0.5,0.0,58.5,52.5,50.5,22.0,1.0,0,无聊
967.0,0.1302788020298226,9.144932286775946,0.0049669779988247,35.434652816619455,88.41564700778339,0.3621254479601132,33011025.0,1.0,0.0,0.0,0.0,2.920540541,157.5351351,0.3748766742573247,0.75,0.75,-0.25,47.9,55.9,69.2,21.0,1.0,0,惊奇
934.0,0.3997044218457262,10.943511593442404,0.0047808790192005,42.12261526612651,0.0336223651388615,0.1768075472374112,33011025.0,2.0,0.0,19.73542168674699,39.87993206424362,3.7935,81.5985,0.3282924858694691,-0.5,-1.0,-0.75,47.9,55.9,69.2,21.0,1.0,薄荷,无聊
1550.0,0.4127240608070747,11.23160882850016,0.003469664191595,37.65601537726238,0.028542734465397,0.1824774763723461,33011025.0,3.0,0.0900000000000034,67.88894736842104,15.920705230369592,3.348387097,142.5219355,0.3063844165381622,0.5,-0.25,0.25,47.9,55.9,69.2,21.0,1.0,0,温和
14995.0,0.2352386570372267,9.146300817532904,0.0133886314009662,31.03429880086681,78.91658654558292,0.3577312475337436,33021117.0,1.0,0.0,0.0,0.0,2.738235294,147.7479412,0.3258448711427915,-0.25,0.5,-1.75,47.9,55.9,69.2,21.0,1.0,0,悲伤
7579.0,41.8771620012942,11.24031683117546,0.0137414071237385,31.790494731988428,0.1694749879896055,0.0943379995869934,33021117.0,2.0,0.4499999999999993,53.151428571428575,47.53471646478766,3.468235294,74.36588235,0.175055243424102,0.0,1.0,-1.0,47.9,55.9,69.2,21.0,1.0,无香,恐惧
14996.0,38.52350145767919,11.683395197112562,0.0158675298499231,34.79697201583338,0.1730282401971399,0.1301389983977257,33021117.0,3.0,0.0,148.91071428571428,104.06132566659814,2.938181818,151.5078788,0.2292711322977404,-1.0,-0.5,0.75,47.9,55.9,69.2,21.0,1.0,0,藐视
15120.0,0.1910231206517268,9.147880583966124,0.0019686292545736,8.632773011346828,136.230585680216,0.7361324106406504,33031020.0,1.0,0.0,0.0,0.0,3.052857143,160.1851429,0.6046343688985791,-0.25,-0.25,-0.25,47.9,55.9,69.2,21.0,1.0,0,悲伤
11395.0,41.23147259733643,11.737618016461436,0.007622049022839,38.516063377462416,0.1700706287135026,0.1418608688258821,33031020.0,2.0,1.1799999999999926,104.235,34.3769628530503,3.980869565,113.8891304,0.269933118971032,0.75,0.75,1.5,47.9,55.9,69.2,21.0,1.0,柠檬,依赖
15202.0,49.42447723750848,10.41776940551093,0.0019591542139878,17.54646338372323,0.166843317346978,0.3904291632274925,33031020.0,3.0,0.0800000000000409,250.26280000000003,81.23747021024228,3.036,162.6971429,0.5901268289464019,0.0,1.5,1.25,47.9,55.9,69.2,21.0,1.0,0,藐视
15099.0,0.2260159349830319,9.146821021616123,0.0019711603879602,10.658114465188104,86.4046204635067,0.6359581802024593,33041025.0,1.0,0.0,0.0,0.0,2.965,154.2844737,0.588045572137587,0.75,0.5,-0.75,47.9,55.9,69.2,21.0,1.0,0,悲伤
8160.0,49.02209540059147,11.022204332875926,0.0085745002356363,12.017026077785856,0.1667957718358304,0.1523339952235214,33041025.0,2.0,0.0999999999999943,79.77428571428571,46.91256223996263,3.76,91.78277778,0.2480080708038715,-0.75,0.0,-0.5,47.9,55.9,69.2,21.0,1.0,薰衣草,悲伤
15167.0,48.5412696493001,11.354037172254417,0.0088345647745694,12.499106020097576,0.1668666174180474,0.1498324443623252,33041025.0,3.0,0.3200000000000003,124.81956521739129,99.30052837016312,3.118518519,163.7462963,0.2395295554658193,-0.75,0.25,-0.5,47.9,55.9,69.2,21.0,1.0,0,焦虑
15010.0,0.1948155128994563,9.148446532414914,0.0019817110743986,5.626293390490956,128.23042442879603,0.7955424584698915,36011024.0,1.0,0.0,0.0,0.0,3.112424242,155.0575758,0.6485765840737705,0.5,1.0,1.0,58.48,59.26,59.86,21.0,1.0,0,惊奇
8888.0,49.56890232402528,10.839734315250128,0.01111763279129,11.689574912640882,0.1668093620482766,0.0929107828655622,36011024.0,2.0,0.1299999999999954,118.46444444444444,66.87340330158023,3.97,92.03058824,0.1889506771469069,1.25,2.25,0.5,58.48,59.26,59.86,21.0,1.0,薄荷,惊奇
15014.0,49.82011184647148,10.00864081137725,0.0019812343462463,8.61714758533689,0.1668520273667791,0.5116674465190174,36011024.0,3.0,0.0800000000000409,250.6355670103093,73.02581664619333,3.379411765,152.5335294,0.6994474812961475,-1.0,0.0,2.0,58.48,59.26,59.86,21.0,1.0,0,藐视
7382.0,0.1302094508190292,9.148781746432311,0.0015511742962813,1.5774430132157164,118.96314913538042,1.0228073592141262,36021025.0,1.0,0.0,0.0,0.0,2.968275862,129.2548276,0.5447519059913117,0.0,1.0,1.5,58.48,59.26,59.86,21.0,1.0,0,藐视
59.0,0.3964434114945129,11.712905070400032,0.0085488053930733,8.59489442888789,0.0033731157084181,0.1415568877619606,36021025.0,2.0,0.0100000000000193,104.076,82.47128984076824,3.688947368,99.61736842,0.2577368840819801,0.0,2.0,-0.75,58.48,59.26,59.86,21.0,1.0,无香,恐惧
4490.0,0.4103285906212539,9.97022282318435,0.0014743149227557,3.349067546852215,6.691164016544844e-05,0.4278428130384066,36021025.0,3.0,0.0800000000000409,275.69492957746473,44.402693100447244,3.025526316,158.2602632,0.5629033535039343,-0.5,1.0,1.0,58.48,59.26,59.86,21.0,1.0,0,藐视
15114.0,0.210175336070317,9.148214381005234,0.0029540023978717,7.305599672063433,103.58210818232035,0.7821003102096488,36031025.0,1.0,0.0,0.0,0.0,3.061621622,161.1837838,0.6158884640466309,-0.25,0.5,1.75,58.48,59.26,59.86,21.0,1.0,0,依赖
8662.0,48.901002276889216,11.219448212088675,0.0130030252817267,12.620402430697355,0.166803716806156,0.1217065549465486,36031025.0,2.0,0.25,85.8964,74.86550526804717,4.601875,93.44625,0.2342043081113116,-0.25,0.75,1.0,58.48,59.26,59.86,21.0,1.0,柠檬,藐视
15168.0,49.71387710505251,10.845555522314822,0.0068707145178363,7.995048878304336,0.1668297130144392,0.1112688668657442,36031025.0,3.0,0.0999999999999659,188.68478260869568,101.3524566043436,3.1128125,148.6040625,0.1981834958961783,0.25,0.0,0.75,58.48,59.26,59.86,21.0,1.0,0,依赖
8428.0,0.1302085572595028,9.148943772524175,0.0014836506340584,0.9169228108436844,105.6672149874328,1.2919234397582195,36041025.0,1.0,0.0,0.0,0.0,3.208823529,153.7635294,0.7217239164229046,0.75,0.0,1.5,58.48,59.26,59.86,21.0,1.0,0,依赖
58.0,0.3990620303062301,12.22427103153392,0.0071502996141395,3.8347273191489055,0.0010711017948861,0.2273261167812335,36041025.0,2.0,0.4700000000000024,63.3225,68.0115133175994,3.803333333,90.54111111,0.3664917243875579,1.5,2.5,0.25,58.48,59.26,59.86,21.0,1.0,薰衣草,惊奇
9145.0,0.398011955759789,9.942977947152244,0.0024774369108058,0.7338205315609876,9.686265608797274e-06,0.5451348570177951,36041025.0,3.0,0.07000000000005,273.72604938271604,33.712160632568185,2.894358974,151.7597436,0.6309836276653407,0.0,0.25,-1.25,58.48,59.26,59.86,21.0,1.0,0,悲伤
15016.0,0.2125382681262253,9.14851219050815,0.0019809960722939,2.9608877568153886,100.58099813003813,1.1026483671000318,37011114.0,1.0,0.0,0.0,0.0,3.148611111,155.5688889,0.6997795620466677,2.75,1.0,2.5,65.5,39.1,55.2,22.0,1.0,0,乐观
10657.0,48.66315621959942,12.681211315108728,0.0141664773631525,8.470461213757464,0.1668145607174504,0.1532693686866557,37011114.0,2.0,0.3200000000000074,89.87411764705882,43.81424574386516,3.606956522,113.6991304,0.272645162171983,3.5,2.5,3.0,65.5,39.1,55.2,22.0,1.0,薄荷,喜悦
15016.0,49.84566114126133,10.186549053378286,0.0014857917263634,2.856432313683971,0.1668473401603908,0.5084139341394133,37011114.0,3.0,0.06,260.31552631578944,75.53832114605868,3.362580645,147.8174194,0.577415661193375,3.25,1.0,2.75,65.5,39.1,55.2,22.0,1.0,0,乐观
15081.0,0.2134905079513223,9.14827705835176,0.0039465694561288,4.677113488866104,99.42942222145874,1.1410418096465589,37021026.0,1.0,0.0,0.0,0.0,3.031578947,154.0768421,0.7016229070642703,3.5,2.5,3.0,65.5,39.1,55.2,22.0,1.0,0,喜悦
10432.0,46.9727495472932,12.302225821138936,0.0158163485183264,10.88966633699928,0.1670094283822444,0.1526352108596864,37021026.0,2.0,0.0999999999999943,124.10214285714288,75.83460505586875,3.401363636,98.85818182,0.2571762642349765,3.75,3.25,3.0,65.5,39.1,55.2,22.0,1.0,无香,喜悦
15179.0,49.09338974529749,11.070561308379771,0.0058853297115821,8.384503915089413,0.1668514254852419,0.5556175821817312,37021026.0,3.0,0.75,136.79705882352943,72.3646268612037,3.138148148,165.3403704,0.7102758008664036,3.5,3.25,3.75,65.5,39.1,55.2,22.0,1.0,0,乐观
1124.0,0.1302101006508373,9.148797987871731,0.0024759473229914,4.761524071718158,174.5646630901011,0.8343473293777807,37031024.0,1.0,0.0,0.0,0.0,3.148,138.554,0.6708357127228088,3.25,1.75,2.75,65.5,39.1,55.2,22.0,1.0,0,乐观
95.0,0.4053846307652201,12.848992003051192,0.0100257867089108,6.885324994739536,0.0034881913127482,0.168191987912113,37031024.0,2.0,0.2300000000000182,109.92379310344828,82.42217300492476,4.01,107.392,0.2834390866104928,3.5,2.5,3.0,65.5,39.1,55.2,22.0,1.0,柠檬,喜悦
6055.0,0.4269025553780887,9.944061506500184,0.0014859257596847,1.8601142817265688,3.4933806943658275e-05,0.3734011609720707,37031024.0,3.0,0.079999999999984,266.6627027027027,24.96948723332937,3.300645161,147.9403226,0.5075547142358681,3.25,3.0,3.25,65.5,39.1,55.2,22.0,1.0,0,乐观
15040.0,0.2070881157151233,9.148896496757526,0.0034617475590299,3.820998390211936,107.75379169428848,0.9139346582417224,37041025.0,1.0,0.0,0.0,0.0,3.2325,146.6628571,0.677382014741236,3.75,2.75,2.75,65.5,39.1,55.2,22.0,1.0,0,喜悦
12711.0,47.595956686430576,13.862300316001324,0.0155410396496385,8.40147395760178,0.1669104108758887,0.2240222230721284,37041025.0,2.0,0.1299999999999954,100.89966666666668,58.83785116648032,3.309666667,124.958,0.3354157507728463,3.75,3.5,3.25,65.5,39.1,55.2,22.0,1.0,薰衣草,喜悦
15029.0,49.6472299038504,10.853340149092162,0.0059383462629955,4.399972948368392,0.1668243934400709,0.555621388834111,37041025.0,3.0,0.4199999999999875,137.26333333333335,21.587736616473304,3.511428571,175.9175,0.5750775694208018,3.75,3.75,4.0,65.5,39.1,55.2,22.0,1.0,0,乐观
4988.0,0.130209448654747,9.148770545774736,0.0014887014666554,1.9851974679990432,117.98269498563836,0.9543466375427488,38011026.0,1.0,0.0,0.0,0.0,3.209411765,153.7632353,0.6972404593715562,0.25,0.0,0.0,47.9,42.4,45.8,21.0,1.0,0,悲伤
78.0,0.397950017772212,11.18112912656299,0.0040712849364305,4.66786475770547,0.000572437744294,0.2047978061423971,38011026.0,2.0,0.0400000000000204,126.05333333333331,82.01799479285792,3.706086957,103.4056522,0.3804623033740205,0.5,1.25,0.75,47.9,42.4,45.8,21.0,1.0,薄荷,惊奇
2832.0,0.3998865845404987,10.75468570895491,0.0024767663639168,3.703483076872593,0.0001958779982032,0.271589876327291,38011026.0,3.0,0.0699999999999931,240.4472340425532,84.99453040479993,3.165588235,150.285,0.4745121186774702,-0.25,0.0,0.75,47.9,42.4,45.8,21.0,1.0,0,依赖
3737.0,0.1302144376827922,9.14871302433541,0.0019896720544608,2.5505125335446857,111.8152462140932,1.1031161028044134,38021027.0,1.0,0.0,0.0,0.0,3.228529412,153.0985294,0.6967019745439171,-0.25,0.25,0.25,47.9,42.4,45.8,21.0,1.0,0,焦虑
403.0,0.4231100435575169,10.760878030390405,0.0022907916454072,4.276673290799549,0.0003351556894549,0.4463881745757641,38021027.0,2.0,0.0300000000000011,147.3018,54.20414123256636,3.6352,95.194,0.6506193215064362,0.25,0.75,0.5,47.9,42.4,45.8,21.0,1.0,无香,焦虑
4599.0,0.4123380699558662,10.427297393591973,0.0034388379193597,2.4089609900893607,6.710996127079145e-05,0.3434118752685495,38021027.0,3.0,0.0,228.1976470588236,99.98423931855824,3.179117647,148.6570588,0.493389204400918,-0.5,-0.5,-0.5,47.9,42.4,45.8,21.0,1.0,0,悲伤
14970.0,0.1815846296073285,9.14794227448196,0.0019864916131375,12.174567339292244,161.30200717740482,0.6103633535479746,38031024.0,1.0,0.0,0.0,0.0,3.130909091,149.0736364,0.569610811899447,0.0,-0.25,-0.75,47.9,42.4,45.8,21.0,1.0,0,悲伤
11654.0,48.09186632304522,11.123543334718752,0.0105807685497942,18.336915733165903,0.1668472381796987,0.155384721876827,38031024.0,2.0,0.5,98.5142105263158,74.95635834240935,3.514,115.244,0.2503448581790245,0.75,1.25,0.25,47.9,42.4,45.8,21.0,1.0,柠檬,惊奇
7664.0,48.111680203275306,11.001480192720235,0.0190466713377344,18.79121785640599,0.1668541072207418,0.062445088331023,38031024.0,3.0,0.0800000000000125,85.49214285714287,59.90216024945195,3.891428571,70.56071429,0.127013417687248,-0.5,-1.0,-1.25,47.9,42.4,45.8,21.0,1.0,0,无聊
15031.0,0.2016113850904769,9.147768685765156,0.004453224592961,8.552397724696437,116.04004330093208,0.72687558938811,38041027.0,1.0,0.0,0.0,0.0,3.183823529,152.8797059,0.6214898261460583,0.0,0.5,0.25,47.9,42.4,45.8,21.0,1.0,0,焦虑
10970.0,48.75774439292908,11.04815631079036,0.0085442665370892,9.480533012580116,0.1668111283551504,0.2871236085352664,38041027.0,2.0,0.0699999999999931,126.15149999999998,94.87503803820054,3.855217391,95.40086957,0.4170975324541494,0.5,1.0,0.75,47.9,42.4,45.8,21.0,1.0,薰衣草,惊奇
15540.0,49.42242241489656,10.635827325945954,0.0038412522895164,7.853252106201801,0.1668573303663515,0.3243653255891892,38041027.0,3.0,0.0699999999999931,215.70527777777767,117.9066717904488,3.163888889,154.2558333,0.4679760636127666,-0.25,-0.5,-0.5,47.9,42.4,45.8,21.0,1.0,0,无聊
15150.0,0.2290564862827185,9.148865530201569,0.0019651673681605,1.730868002194741,83.76706906781313,1.2273399144122306,39011115.0,1.0,0.0,0.0,0.0,3.030263158,165.1684211,0.7064725128517375,-0.25,-0.25,-1.0,51.4,55.9,41.1,22.0,1.0,0,悲伤
8062.0,49.83576940974247,10.411258749215571,0.0026002296304299,3.679650845235425,0.1668195620554016,0.617514339592776,39011115.0,2.0,0.2800000000000011,64.22243243243243,18.564205809204868,3.542,74.84066667,0.5283800947100045,-0.25,0.0,0.0,51.4,55.9,41.1,22.0,1.0,薄荷,悲伤
15410.0,49.84235159495024,10.765866031526445,0.0048381382988853,2.9297282850993134,0.166831722019249,0.6990801867861501,39011115.0,3.0,0.079999999999984,256.7326785714285,83.27265718047362,3.013611111,161.3319444,0.539603600604647,0.5,0.75,3.25,51.4,55.9,41.1,22.0,1.0,0,依赖
6414.0,0.1302089207059385,9.149441302424249,0.0024723057534914,-3.309070063305313,92.3939159124272,0.8397080696123741,39021026.0,1.0,0.0,0.0,0.0,3.237058824,153.3691176,0.8918843143095573,0.0,-1.0,2.75,51.4,55.9,41.1,22.0,1.0,0,依赖
1004.0,0.3956083352154568,10.35318478276059,0.0022980177470321,-2.865178768711621,0.0005455619806423,0.2878405326260149,39021026.0,2.0,0.3999999999999915,102.086,30.39164365413625,3.668,90.2895,0.4737971723943919,0.5,2.25,1.0,51.4,55.9,41.1,22.0,1.0,无香,惊奇
6147.0,0.4548455306202201,10.129980829207405,0.0014812940103352,-4.214070439378324,1.6068074435901537e-05,0.2821797858531398,39021026.0,3.0,0.0,248.84744897959183,86.34218142062363,3.287142857,148.4634286,0.4289750618282637,-0.25,-0.5,2.75,51.4,55.9,41.1,22.0,1.0,0,依赖
7578.0,0.1302130859082717,9.14856435217941,0.0014874913563318,2.405345216505835,111.99232298954657,1.1852689770954976,39031027.0,1.0,0.0,0.0,0.0,3.218823529,153.4247059,0.7028475886485719,1.5,0.75,1.0,51.4,55.9,41.1,22.0,1.0,0,惊奇
1947.0,0.394793798653975,10.1993223643632,0.0062228136192529,2.7976092496608818,0.0004556510809586,0.5238724964582094,39031027.0,2.0,0.0,103.5075,93.2758944498345,3.554782609,102.8873913,0.5095814733000641,0.5,0.5,1.5,51.4,55.9,41.1,22.0,1.0,柠檬,依赖
6377.0,0.3810691866877888,9.913841410071004,0.0014729975556856,3.43572788512557,0.000131344641635,0.639311165059788,39031027.0,3.0,0.0699999999999931,270.25645833333334,47.856942895361904,3.157027027,154.0105405,0.7311560569334153,-0.25,0.25,-0.25,51.4,55.9,41.1,22.0,1.0,0,悲伤
15024.0,0.1832047726472113,9.148606168535348,0.0019800435767701,3.3950859051558604,156.3649159643983,1.070927058942818,39041024.0,1.0,0.0,0.0,0.0,3.122285714,154.324,0.7011044404981039,1.0,0.25,0.25,51.4,55.9,41.1,22.0,1.0,0,温和
12890.0,48.983417636448046,11.54335943718112,0.0113680777347328,9.73289795346006,0.1668074683069168,0.143276825438339,39041024.0,2.0,0.1000000000000227,115.25032258064518,79.47848540222333,3.384137931,122.3641379,0.1354341018567077,0.0,1.5,2.25,51.4,55.9,41.1,22.0,1.0,薰衣草,藐视
16757.0,49.693560718178105,10.409611836786029,0.0040367797648977,5.514160042512031,0.16684040095508,0.4665953830529672,39041024.0,3.0,0.079999999999984,291.6893181818182,87.72085318569373,2.966756757,168.63,0.6069736372463954,0.5,-0.25,-1.5,51.4,55.9,41.1,22.0,1.0,0,无聊
15167.0,0.223136784936736,9.149779574303164,0.0019630612908103,-13.35817152894067,89.06199106109833,0.602152840148985,40011027.0,1.0,0.0,0.0,0.0,3.190555556,162.0938889,1.0200997961215494,1.25,1.75,-0.75,66.2,68.4,52.4,22.0,2.0,0,惊奇
7875.0,40.443697318608095,13.8611242435238,0.0159331166281251,1.1602402248346086,0.1713028999395663,4.273155928079677,40011027.0,2.0,0.0899999999999749,17.31408163265306,35.33750582644667,3.181111111,70.53722222,1.1620655915975964,2.0,2.25,0.75,66.2,68.4,52.4,22.0,2.0,薄荷,惊奇
15154.0,47.39243319398517,10.288915705818136,0.0034383255940573,-3.2090534036257936,0.1670994023805145,1.9707279115690512,40011027.0,3.0,0.4200000000000159,67.61880597014925,9.285245963578102,3.531,155.2253333,0.8804444390746375,0.25,0.75,-1.5,66.2,68.4,52.4,22.0,2.0,0,悲伤
3876.0,0.1302154588370606,9.144977193079807,0.0014739194534331,34.78866757937528,95.21343304569044,0.4163999045392231,40021026.0,1.0,0.0,0.0,0.0,2.907428571,153.8234286,0.431706684987002,0.75,0.25,-2.0,66.2,68.4,52.4,22.0,2.0,0,悲伤
614.0,0.4006108685315082,10.7097525629992,0.0063962321673508,40.34434528592655,0.00502705248014,0.0775237346489591,40021026.0,2.0,0.0400000000000204,123.23560975609756,66.96172044620718,3.562380952,78.29952381,0.1549445434165612,0.75,1.5,-0.5,66.2,68.4,52.4,22.0,2.0,无香,惊奇
3743.0,0.5289021655182685,10.40944407338262,0.0014716826532101,31.97797934854824,0.0001484652275081,0.203780558850273,40021026.0,3.0,0.079999999999984,205.39934579439247,120.29968798579054,3.086764706,155.7223529,0.3722932897010834,0.0,0.25,-2.0,66.2,68.4,52.4,22.0,2.0,0,悲伤
3284.0,0.1302274302934186,9.146366617987429,0.003966166016103,42.449870562076256,133.52051117654776,0.3897398707443373,40031026.0,1.0,0.0,0.0,0.0,3.229411765,159.9673529,0.4016824620754874,1.75,0.5,-1.25,66.2,68.4,52.4,22.0,2.0,0,惊奇
2295.0,0.3919445767966238,10.894688360653452,0.0081596168944193,49.38495678274265,0.0153090866950303,0.0446607529185907,40031026.0,2.0,0.0099999999999909,42.77290322580645,59.6895672868461,3.2,144.6657692,0.097627189781269,2.5,2.0,0.75,66.2,68.4,52.4,22.0,2.0,柠檬,惊奇
7554.0,0.431930148934756,10.732503648015577,0.0024318293264854,49.969563678481805,0.0042345427428675,0.076288159227946,40031026.0,3.0,0.2900000000000204,157.7361724137931,45.357650225406005,3.092068966,142.1272414,0.146368817172087,-0.5,-0.5,-2.25,66.2,68.4,52.4,22.0,2.0,0,无聊
2229.0,0.1302626025939386,9.144836877296571,0.0014856577183788,26.258368719738964,90.26727216379234,0.7024310932990533,40041027.0,1.0,0.0,0.0,0.0,3.012702703,156.6502703,0.6463619021885098,0.0,-0.25,-0.5,66.2,68.4,52.4,22.0,2.0,0,悲伤
487.0,0.4048063325351403,10.926585608522725,0.0086657770368952,32.41909265653836,0.0170056347710899,0.0976430812289923,40041027.0,2.0,0.0,101.725,83.46121404580693,3.45,90.53875,0.1755534040332497,1.0,1.75,0.0,66.2,68.4,52.4,22.0,2.0,薰衣草,惊奇
2651.0,0.4054278024847955,10.597289701802351,0.0024696374592717,26.31198778156105,0.0036454450654784,0.4059718474628746,40041027.0,3.0,0.0800000000000409,139.85816326530613,122.39117903178185,3.526486486,159.247027,0.6007893189185007,0.25,1.0,1.5,66.2,68.4,52.4,22.0,2.0,0,依赖
15072.0,0.2122413345056519,9.14702153814753,0.0029615230478305,14.656242597726298,100.94524643699027,0.6049632570147189,41011026.0,1.0,0.0,0.0,0.0,2.993055556,154.8638889,0.5722851940526531,0.25,0.25,0.25,62.7,68.4,36.9,21.0,2.0,0,悲伤
9794.0,48.508655174306334,11.106991294667845,0.0094619852825847,13.43615256882454,0.166816512253118,0.1403426401232718,41011026.0,2.0,0.0699999999999931,67.34833333333333,82.51446740151424,3.619473684,70.76631579,0.236081989060247,1.25,1.25,1.0,62.7,68.4,36.9,21.0,2.0,薄荷,惊奇
15016.0,49.24634026607077,10.921861945077856,0.0079242225406051,11.481168440170675,0.1668456330925682,0.1593095845594284,41011026.0,3.0,0.079999999999984,184.21777777777777,133.34713176749355,3.849666667,142.3316667,0.2416710208134288,0.5,-0.75,-2.0,62.7,68.4,36.9,21.0,2.0,0,无聊
1216.0,0.1302098427891207,9.146735222099116,0.0014727782343107,18.22205262217988,148.4108717009414,0.6178792804520433,41021026.0,1.0,0.0,0.0,0.0,2.859487179,162.555641,0.558532529057932,-0.5,-0.5,-1.25,62.7,68.4,36.9,21.0,2.0,0,无聊
63.0,0.398450514561211,11.151301193512356,0.0028036538758003,31.53516021387398,0.0237961175169384,0.1087296848977384,41021026.0,2.0,0.42,75.958125,85.22303446096234,3.450833333,90.72416667,0.2104060824786336,0.75,-0.75,-2.0,62.7,68.4,36.9,21.0,2.0,无香,无聊
383.0,0.3912293880528941,11.128392780141237,0.0019652259379109,31.554189425262862,0.0238441945048864,0.2435755655126818,41021026.0,3.0,0.079999999999984,204.4928571428572,123.2379747497019,3.642068966,156.0893103,0.4463995843260767,-1.75,-1.75,2.0,62.7,68.4,36.9,21.0,2.0,0,藐视
2932.0,0.130206398426934,9.14651940810162,0.0014753265776577,11.610992646125624,106.93756761791671,0.7514157129941708,41031027.0,1.0,0.0,0.0,0.0,2.836315789,163.6439474,0.6149754876645581,-0.5,-0.25,1.0,62.7,68.4,36.9,21.0,2.0,0,依赖
182.0,0.3983557134690579,11.117482062603056,0.0068672012911799,14.05569639165508,0.006967927990752,0.1325539594671304,41031027.0,2.0,0.0300000000000011,119.01,92.46066677241734,3.392962963,96.76592593,0.2258476216149651,0.0,-0.75,0.75,62.7,68.4,36.9,21.0,2.0,柠檬,依赖
6441.0,0.406412085004152,10.641871018079035,0.0014734364038508,11.069632167270989,0.0013272613422645,0.3374511852112614,41031027.0,3.0,0.0699999999999931,204.87129032258065,119.35456646917514,2.946486486,163.8451351,0.543588176812246,-2.0,-1.25,-2.5,62.7,68.4,36.9,21.0,2.0,0,无聊
1695.0,0.1302227994229054,9.144477732656354,0.0024881424422833,34.39278072099275,111.80024327932932,0.5103621511698104,41041027.0,1.0,0.0,0.0,0.0,3.20125,155.4921875,0.5334304067857627,-0.25,-1.75,-3.0,62.7,68.4,36.9,21.0,2.0,0,无聊
44.0,0.3903303067718974,10.847634723308468,0.002341240147211,40.45506084032082,0.0175571681908557,0.2092142338872233,41041027.0,2.0,0.039999999999992,98.97545454545455,51.71954780151687,3.6,90.116,0.3954082625341607,1.25,0.75,1.0,62.7,68.4,36.9,21.0,2.0,薰衣草,惊奇
5204.0,0.3685710453973416,10.389786869316294,0.0014751505331771,33.80449097301369,0.0076362045905559,0.4189985217039403,41041027.0,3.0,0.0800000000000409,249.6396739130436,83.187904344571,3.136764706,155.5011765,0.6202347149113094,-2.0,-1.75,-4.0,62.7,68.4,36.9,21.0,2.0,0,无聊
15008.0,0.2025599615033212,9.148646366039522,0.0019819495286446,2.441313342456336,114.4933179843568,1.0913867508865005,42011026.0,1.0,0.0,0.0,0.0,3.203529412,153.7605882,0.703474329331788,-1.25,-1.5,-1.25,51.4,45.8,45.8,21.0,1.0,0,无聊
11229.0,49.65357553170089,11.848910895752224,0.0064359173229242,4.7112515044964205,0.1668110121020967,0.1933876107509051,42011026.0,2.0,0.5700000000000003,57.86368421052631,13.00306773946514,3.39,95.49136364,0.2768749671123292,1.25,1.75,2.25,51.4,45.8,45.8,21.0,1.0,薄荷,乐观
15037.0,49.754853629941614,11.15254207341405,0.0044517537507084,4.574501198517816,0.1668189440179222,0.3140135662578281,42011026.0,3.0,0.079999999999984,186.00138888888893,84.3739527721934,3.82,155.9084,0.2150594308087594,-2.0,-1.5,-2.25,51.4,45.8,45.8,21.0,1.0,0,无聊
8808.0,0.1302081122619006,9.148830667674677,0.001481249621139,1.9557617935001683,98.60543282944784,1.10120055068216,42021027.0,1.0,0.0,0.0,0.0,3.284848485,152.4054545,0.7008565700968277,-1.75,-1.25,-0.75,51.4,45.8,45.8,21.0,1.0,0,无聊
105.0,0.3946281612672943,10.612627442150176,0.0058291078346086,2.530544647553576,9.008911275630792e-05,0.2338979826156312,42031115.0,2.0,0.2399999999999948,67.285,28.11138850113133,3.672666667,85.826,0.4010411659007086,0.5,1.25,2.0,51.4,45.8,45.8,21.0,1.0,无香,乐观
5947.0,0.425468136026605,10.106343818973455,0.001474798576259,1.2211572151166916,3.5394330454182296e-06,0.3852681198760409,42031115.0,3.0,0.0,240.82454545454547,91.93287035144728,3.136857143,152.886,0.5390904380904618,-0.5,-2.25,-2.25,51.4,45.8,45.8,21.0,1.0,0,无聊
14820.0,0.2234484466324304,9.14813979231806,0.0030068624312456,5.235790850556532,88.70822220136083,1.0737456408225277,42041115.0,1.0,0.0,0.0,0.0,2.939142857,157.3248571,0.687566203777009,-1.25,-1.0,-2.5,51.4,45.8,45.8,21.0,1.0,0,无聊
7137.0,49.505815330071904,11.36961572445069,0.0067676652802776,6.507632579416889,0.166806274976882,0.35927065965806,42041115.0,2.0,0.0800000000000125,87.29999999999998,54.04564697681819,3.447058824,76.90941176,0.4586893750292261,1.25,1.25,1.75,51.4,45.8,45.8,21.0,1.0,薰衣草,乐观
15072.0,49.82010979834922,10.224545903708256,0.0034551102224689,4.438254703408836,0.1668625504303057,0.601749688710831,42041115.0,3.0,0.079999999999984,213.9902777777777,109.82857640144157,3.113030303,153.5481818,0.7227909845364682,-1.0,-0.75,-1.5,51.4,45.8,45.8,21.0,1.0,0,无聊
15072.0,49.82010979834922,10.224545903708256,0.0034551102224689,4.438254703408836,0.1668625504303057,0.601749688710831,42041115.0,3.0,0.079999999999984,213.9902777777777,109.82857640144157,3.113030303,153.5481818,0.7227909845364682,-1.0,-0.75,-1.5,51.4,45.8,45.8,21.0,1.0,0,无聊
15072.0,49.82010979834922,10.224545903708256,0.0034551102224689,4.438254703408836,0.1668625504303057,0.601749688710831,42041115.0,3.0,0.079999999999984,213.9902777777777,109.82857640144157,3.113030303,153.5481818,0.7227909845364682,-1.0,-0.75,-1.5,51.4,45.8,45.8,21.0,1.0,薄荷,无聊
14529.378938021511,4.84115489365024,9.147979364670404,0.005292068717598639,7.633056481806983,115.33627793308976,0.7602283193216892,5011677.576295929,1.0,0.0,0.0,0.0,3.0365374932427587,152.5181179062318,0.609422546775807,0.017833032289475977,-0.5390640432235485,0.08155290252237633,62.7,54.7,47.2,21.0,2.0,0,无聊
10756.933617568764,47.333653583159574,12.003860609904775,0.015665543267502666,11.41656710173086,0.0011259752366607,0.23249240643753377,5010802.0,1.9135447941710282,0.2730207185970128,74.37675384481022,59.9140945158093,3.742752377824791,101.54263280400839,0.3420011942226231,-0.7120385300739799,1.0696149125816612,1.8608945608299015,62.7,54.7,47.2,21.0,2.0,0,藐视
15537.0,47.6698254474193,11.045469076057039,0.009290435092836585,9.75139332276105,5.806773844846882,0.1912821093359032,5010969.596654394,3.0,0.1077093520807659,191.4040155276093,126.21103894694043,3.4976869823218064,149.7468255360496,0.27770656652267606,-0.33225264441235736,0.13676355124439282,1.5118867863619383,62.7,54.7,47.2,21.0,2.0,无香,无聊
15258.87234832537,1.2534781590918702,9.197043701407171,0.0048450580584990695,7.192567324899551,171.62409612766544,0.7649645216663836,5019143.583395785,1.143318629299134,0.0,0.0,1.3534744317951137,3.142505976963791,153.61824128330628,0.6072691584538269,-1.25,-0.6530820188245535,-0.7728874211465718,62.7,54.7,47.2,21.0,2.0,0,悲伤
14631.033572453869,46.953945330561105,12.253977370659545,0.015597293811277104,10.918017178134201,0.0011259752366607,0.1912821093359032,5021576.492832616,2.089065813550865,0.4009434634842332,111.407636551238,86.5730978286354,3.1693316338590836,174.3325806,0.29523809857633293,0.21002045929993357,0.19238880607027678,-2.0393728366913577,62.7,54.7,47.2,21.0,2.0,0,悲伤
14368.177817450238,49.54685096707009,10.362298463809623,0.00473480633624351,6.808301533743485,8.957838656525839,0.4181137292237691,5021177.815775914,2.909633711869567,2.0999999999999943,136.3337940981337,5.558508954159298,3.0836954208782434,148.16036101225072,0.6209409357709471,-0.9928567353697656,-1.2369469200195522,-2.0901346690755678,62.7,54.7,47.2,21.0,2.0,柠檬,无聊
14385.771574810753,1.1071772983384311,9.147979364670404,0.003954394392601747,6.080945108767441,112.14143373497166,0.7488488925178581,5029683.310459198,1.0,0.0,0.0,0.0,3.106005339569264,152.78148023279738,0.6185968623484444,0.5,1.0298121126137194,0.6116883959312883,62.7,54.7,47.2,21.0,2.0,0,惊奇
8866.61637703985,49.855168838524335,11.474357602342511,0.0195045367939085,9.082611835284474,2.927379676982597,0.33546778634224483,5032664.952055222,1.9927002690120788,0.017486409103410663,88.41892537068014,81.93237858226833,3.1732540031236334,78.43938333516134,0.4238741929773866,-0.017048808248562478,1.6176749538378825,0.7990817362235706,62.7,54.7,47.2,21.0,2.0,0,恐惧
15537.0,49.855168838524335,9.745199101448772,0.0038868255921126506,3.146670838501298,5.536466500116923,0.7698517989988576,5030811.300322448,2.789938924176665,0.059602074689508816,274.6505263157895,25.90288195230884,2.978611111,151.42906744191802,0.6682158752806053,0.22415300371170782,-0.57205965264383,-1.8764204691940785,62.7,54.7,47.2,21.0,2.0,薰衣草,无聊
1683.2044454381555,0.5143735013931701,9.147979364670404,0.002521029877600599,8.00205964599093,113.35040215350891,0.700068866660664,5040801.0,1.057575245544184,0.0,3.5106387927355223,0.0,3.176581214000435,141.98009837459952,0.6044570408450091,-0.49699407465117096,-0.43117029183303923,-0.10883942401662935,62.7,54.7,47.2,21.0,2.0,0,悲伤
71.0,0.1301768472714285,11.49313456802258,0.008762658271428006,11.358208985449053,0.2682061856063045,0.1912821093359032,5039685.657810847,1.991948148276416,0.2007067828544622,93.4016899655848,70.26671434308584,3.294467292547403,100.73614610788321,0.28000273113441687,-0.22567646239532918,1.8531978766418473,0.8100690619990519,62.7,54.7,47.2,21.0,2.0,0,恐惧
2231.615069538219,0.7034534484499151,11.036648492310857,0.002711905146782892,7.588910540932104,0.0011259752366607,0.2247264329664263,5040126.500936093,3.0,0.03682785596010243,177.2131158166486,118.7407607544771,3.2408136017556233,158.5631211424259,0.37407804751323814,-0.7227234993646222,0.7084804952511035,2.75,62.7,54.7,47.2,21.0,2.0,薄荷,藐视
14362.065068496519,0.7039057386055346,9.14825262279492,0.004357571974420976,10.412599185290853,140.7194334407177,0.6589946774618815,6019873.853475816,1.0,0.0,0.0,0.0,3.2114103236378235,153.56009571937608,0.5612448981908148,-1.9869085758540606,-1.2229957481769789,-0.698002979576242,34.15,58.75,52.37,21.0,2.0,0,无聊
13788.022387678418,47.39009435064125,11.587013248617092,0.0119467378420546,14.282735401230587,7.454383626757452e-05,0.14222441807567335,6021637.949492399,2.0672022265010526,0.0730821869017468,144.30570447132465,72.46267191053128,3.3371453476580735,128.59575717574327,0.24294591509543298,-1.322031430914369,-0.34651291758766395,0.09646027754202374,34.15,58.75,52.37,21.0,2.0,0,悲伤
14170.958393665956,46.12752360869791,11.334409278676356,0.010941019888981695,12.740158133139696,7.454383626757452e-05,0.1629417783997036,6020489.952031923,2.972931089783627,0.05811243512860903,161.68413142967387,107.2460134891786,3.844782609,142.36989551838892,0.28207629551992797,-2.0,-1.6126322588720394,0.7350369603008753,34.15,58.75,52.37,21.0,2.0,无香,惊奇
15645.0,0.1301769726045663,9.14825262279492,0.0017703583121262923,2.2592512261205426,110.61901928846525,1.182578455099889,6010796.871613159,1.0527467027551405,0.0,18.34620212186101,0.0,3.1324952460873807,155.27013455285422,0.7233487449968002,-1.6847529993757537,-0.6867817514227492,-0.5024119540156203,34.15,58.75,52.37,21.0,2.0,0,悲伤
12872.91158017914,49.57289467776914,12.423415189875753,0.004587311059570928,2.9346362246124267,0.5753195399084983,0.4579249603870626,6011373.262938146,2.012342833627704,0.0812109807970294,143.74584192031978,90.75127927504705,3.3420951996292994,111.76138559182242,0.49390942674082056,-1.9789066386138914,-1.2952951965581678,0.4162722067320396,34.15,58.75,52.37,21.0,2.0,0,厌恶
15232.277342502684,49.57289467776914,12.27117309927277,0.00872224632069542,4.306504272619835,7.454383626757452e-05,0.40717420853458824,6010731.0,3.0,0.15533661126590306,158.32669557295534,105.74700795213592,2.9756575062218613,152.22271857694898,0.3768321539297348,-2.0,-2.0,-0.7289990686885517,34.15,58.75,52.37,21.0,2.0,柠檬,藐视
2568.3654956163373,1.340293896327519,9.165779706941292,0.0033842301858062734,7.071710332193986,105.56250050485774,0.8970793579240796,6030305.189175229,1.0,0.0,0.4265609121293762,0.42900015141932646,2.9919305279270274,154.8398956871565,0.6177136419777691,-1.783224620380148,-1.3003843416071432,0.05523517554071651,34.15,58.75,52.37,21.0,2.0,0,无聊
633.6658767370789,1.3657027650378446,10.825346021294173,0.004958829301369608,8.740779565584166,7.454383626757452e-05,0.10856663657441452,6032224.287031476,1.9273887283483475,0.014779493458980457,122.91494089032369,69.64296441987771,3.641630999199476,102.23290939216623,0.2104706356820773,-2.0,-0.23909755306728497,-0.5124954509573478,34.15,58.75,52.37,21.0,2.0,0,焦虑
6202.124106815443,0.1301769726045663,9.710486392139341,0.0020006134021476932,6.542774305947389,7.454383626757452e-05,0.5926508041324587,6031462.517542745,3.0,0.016725759433832563,241.12789473684208,84.74849298809214,3.1563022236474865,156.1245714,0.7056491585650111,-2.0,-1.2344341489397452,-1.228453913331822,34.15,58.75,52.37,21.0,2.0,薰衣草,无聊
48.0,0.1301769726045663,9.14825262279492,0.001458280923363,9.215396386272165,99.39531365004994,0.6392946543595684,6038049.37842313,1.0,0.0011462689711830803,0.0,0.3070834002717948,3.1604652424844955,155.39632316083504,0.5798694897422123,-1.4203045937866814,-1.4503215918926633,0.43230082501891726,34.15,58.75,52.37,21.0,2.0,0,无聊
48.0,0.44793256945702237,11.033797752136907,0.006326963341614921,10.641750447290164,7.454383626757452e-05,0.09425934372630164,6040801.0,2.069242475975613,0.03316691570711916,89.03291424080118,77.73582618038714,3.844782609,103.77604207496981,0.21293392333891775,-2.0,-0.6571769867539013,-0.504209676208884,34.15,58.75,52.37,21.0,2.0,0,悲伤
940.4745403228452,0.1301769726045663,10.937149530236496,0.0053603219453906064,11.067480556979268,6.809611725389358,0.11605395438906521,6037801.176167768,2.9782057297151017,0.361201747177346,140.41291342165158,91.61526671852103,2.9960770116252737,136.496311786046,0.1540108773938836,0.5,0.9761511006449485,0.2382604748617919,34.15,58.75,52.37,21.0,2.0,薄荷,藐视
14370.91278923845,0.1302251773186931,9.177478333972244,0.0020641591414093936,7.915804957820548,99.68904650820912,0.7541722433990135,7012170.040723297,1.0361023614825127,0.0,0.0,1.0631689276718523,3.4560534458799754,151.72131918288744,0.5997205065703701,-0.5728917960768923,-0.26456069015507094,1.75,47.9,69.4,59.9,24.0,1.0,0,依赖
8606.817496611071,49.35983921871629,11.140681093111555,0.006883816146371717,8.185261440427151,0.0021172413402703,0.15969654370923217,7010802.0,2.107674009490269,0.08,114.05638960984469,69.7784367594719,4.163157895,76.77105263,0.20628282883788676,1.0,1.25,0.9077098117940727,47.9,69.4,59.9,24.0,1.0,0,惊奇
14840.416846190961,49.03129621018408,11.178117953914045,0.011853097816080673,8.706248331682545,4.263842774577797,0.1952497605984096,7012374.7142369645,2.9318482484005495,0.07029875709246357,156.2526997893645,132.21897247784992,4.146811262190807,180.56194547279722,0.30153999200597376,-1.5,-1.1437635822283563,-1.8217189839027648,47.9,69.4,59.9,24.0,1.0,无香,依赖
45.0,0.9912265366767847,9.148252738027724,0.0028261597784802694,8.484596922131603,128.91788589855545,0.7026043942163749,7020315.9666758375,1.0,0.004487944373921547,3.0642046875973694,7.22996705655001,3.2042229106530415,154.06922653946498,0.5899161993456176,-1.5,-1.0620020359004256,-0.00705210884850003,47.9,69.4,59.9,24.0,1.0,0,无聊
45.0,0.9835578798234377,11.108065780429357,0.011357574699039428,7.856814002904801,3.3040497413082073,0.0933682299566259,7021691.594344519,1.994147962980249,0.032887960963072706,71.03180315488703,82.04500828628407,3.7348217348000285,86.13696723976082,0.20833038250613026,0.3953222363203033,0.6902795264557773,0.15986522478009285,47.9,69.4,59.9,24.0,1.0,0,惊奇
256.4793374828459,3.0329176332063006,11.30250300258766,0.015832581980117565,8.640580026502956,0.0021172413402703,0.08323357494166705,7020148.212887401,3.0,0.07762254048479023,160.53149102989815,77.36586759060114,3.213556683508517,137.98108698141297,0.1194027972498022,-1.0482142393116514,-0.8038229228236304,-0.8546023899224386,47.9,69.4,59.9,24.0,1.0,柠檬,无聊
14241.915922853243,2.6118228704903514,9.148252738027724,0.0014423981174933,7.717250428221329,148.64971177486535,0.7766255581206689,7029950.009900275,1.0,0.00318133779490308,0.0,0.0,3.2058409960006,154.21936534653156,0.5872338654375094,-0.2585025653025195,-1.0715145051265726,-1.37221472886658,47.9,69.4,59.9,24.0,1.0,0,无聊
14837.316209062372,49.44532486499645,11.60345380210845,0.01087275813698116,8.83192593251683,2.0656132535747904,0.14319247944357352,7031860.632763588,1.897413268114662,0.07414073248125846,164.7823076923077,124.23139657028479,3.19581876926649,164.8176579319395,0.27501973568549776,-0.4260703598782842,-0.667906450278252,0.21083499416963916,47.9,69.4,59.9,24.0,1.0,0,无聊
15226.792529950872,49.44532486499645,11.288267815701204,0.009413715359908916,9.16990206121083,0.0021172413402703,0.11788011810307542,7028925.3940357985,2.977802299179165,0.06798064715161074,137.63831696347677,99.12589091069343,3.042258065,145.2976875332198,0.20855168417638606,-0.33107668526716183,-0.6760028076691273,0.7383797493181466,47.9,69.4,59.9,24.0,1.0,薰衣草,无聊
14724.804876308288,0.1302251773186931,9.148252738027724,0.004210334659300878,9.33632935292604,126.18057674413164,0.7140318170082747,7039636.013067148,1.0491968340176088,0.006478860369067787,11.709909444307408,5.744715277485136,3.24994273109542,153.70680081576526,0.6142641963919823,-0.24613031808703356,0.3510813801221092,0.4311300750406234,47.9,69.4,59.9,24.0,1.0,0,焦虑
11040.93033864149,47.04653350699877,11.418637934471114,0.016532779938789148,9.675418671463756,10.078850525312376,0.11540951055308542,7040517.043049975,2.0559567309859808,0.06981810529332716,112.50279271940919,90.89074041583754,3.331196807057766,116.44384870917968,0.260744200705987,-0.5364496577374461,-0.8342247270328037,-1.368329850044424,47.9,69.4,59.9,24.0,1.0,0,无聊
15516.0,49.44532486499645,11.669951554250085,0.01064715985116621,11.047918855812638,6.344094748142733,0.2541047788725278,7040316.3781603575,2.939393912982747,0.07901478442289975,124.35988616750333,101.50493100203067,3.1193935120639065,141.89145662796784,0.2709001354736063,-1.3464866932341797,-1.5,-2.0,47.9,69.4,59.9,24.0,1.0,薄荷,无聊
10875.118497672755,0.1301668169262053,9.235993549600185,0.0014149939178651,0.793710517381182,94.46526174756058,1.3364596221074614,8010807.0,1.0,0.006557562437335549,0.0,0.0,2.972983044723461,154.6463609135264,0.7136710607090556,-0.7571874834527357,-1.0,-1.7776687621711738,24.1,68.4,62.7,20.0,2.0,0,无聊
50.0,0.3780681119967432,11.059141504669403,0.0124190375418657,6.235386253654445,0.21252439573617452,0.15524457387761226,8010833.309091052,2.006793852113179,0.4285582956738212,54.347722193112745,48.738784234224234,3.993529412,66.20557596766992,0.220475681363582,-0.23948073375850332,-0.06592851635421201,2.2414848264354372,24.1,68.4,62.7,20.0,2.0,0,依赖
7577.344911614233,0.434236941799318,9.651203662300976,0.0025531421137537954,1.7470571453452954,4.0512522942158544e-05,0.8136240089171701,8010807.0,3.0,0.08125399265806929,268.7507578726797,10.06183462197704,2.908896602951658,164.3339474,0.6841520358449925,-0.5240754308514541,-0.38890150744608715,-0.453091120045788,24.1,68.4,62.7,20.0,2.0,无香,悲伤
11904.0,0.1357939296579012,9.253962327691358,0.001723171112352632,0.3554084389702328,83.67938313233284,1.3683118654312345,8021627.364117384,1.0035240099213372,0.06905218581415105,0.0,0.0,3.205544810175305,150.27179965509413,0.7260798867262881,-0.20400836142701936,-0.6106917704909599,-1.1854736562935637,24.1,68.4,62.7,20.0,2.0,0,无聊
292.62269782930844,0.3815424917551355,10.60614551440877,0.004612361269153766,6.100958176631573,4.0512522942158544e-05,0.2715982787612603,8021698.071507253,1.9217635017501444,0.3019553640148766,29.233645862113086,37.37599555060125,3.5824555862175336,75.23957465763162,0.3922926352150055,-0.9528774424207895,-0.15096465602371278,1.66648002617626,24.1,68.4,62.7,20.0,2.0,0,藐视
10901.01102625076,0.41632131184564,9.794722440996363,0.0014149939178651,1.0033380689195415,4.0512522942158544e-05,0.8760622262136655,8021838.34780053,2.945288821263863,0.10979106288541358,293.9615874414554,11.376617274952704,3.1614656602174622,164.3339474,0.6766164646874163,-0.1048048403866994,-0.2942704306878085,-0.07179897030492838,24.1,68.4,62.7,20.0,2.0,柠檬,悲伤
7096.6382758787195,0.1301668169262053,9.148403767030722,0.0014149939178651,1.5915580990785692,108.81638471562702,1.143767346265497,8030477.79640041,1.0277963075785286,0.014418752314124038,20.426789447385385,0.0,3.198666807633382,157.74074945545107,0.7099551921646513,0.19578951448896179,-0.6094365704430903,0.4686635086303485,24.1,68.4,62.7,20.0,2.0,0,依赖
90.01871587654753,0.39798266157677054,11.485099297396118,0.005563098948748842,7.142694498546015,0.7847763382748649,0.20287392276337762,8031382.821519381,1.9306933705790474,0.7000000000000011,73.2464500741062,63.40557131376324,3.737420675211641,68.92323898312064,0.36509730674142593,-0.727746145283199,0.3030148488344831,0.9732754558848108,24.1,68.4,62.7,20.0,2.0,0,藐视
7354.352777189824,0.4281067200772687,9.788023618049264,0.0015737035071551855,0.9476869901012839,1.3440190817942683,0.7072704217650949,8031854.655509818,3.0,0.04810427419950994,267.5303332559281,43.41066946675511,3.414217886010186,155.51126868145374,0.6637970601543068,0.07985561185877847,-0.5194408822403939,-0.49405059639711235,24.1,68.4,62.7,20.0,2.0,薰衣草,悲伤
10510.619628349206,0.14368571181705364,9.166048503282164,0.0014149939178651,0.3554084389702328,80.24176204398758,1.2760223768838213,8040807.0,1.04741206179052,0.0,2.1786297988844012,3.920949962960217,3.150568325991455,156.9071025434531,0.7139543756776685,-0.5629888991438153,-0.5543230610793483,-1.8917331552486554,24.1,68.4,62.7,20.0,2.0,0,无聊
1456.79284491637,0.4128024949801035,9.93193377195849,0.006684850553199499,2.444756894803361,4.0512522942158544e-05,0.33778181451257827,8040066.98715806,2.146121777944048,0.3310356458291143,58.602691997664245,30.66462595866331,3.3212771491869724,67.07328303552049,0.41513997505892136,-0.20803388002829004,-0.1016970213144482,2.0796301781148494,24.1,68.4,62.7,20.0,2.0,0,依赖
8968.126175306212,0.42809636658607136,9.723598283431874,0.0018470195728751936,1.406749084916064,4.0512522942158544e-05,0.9224634356839272,8040807.0,2.9780649243549626,0.0,268.5384399796211,48.18715406606296,3.056093702815365,155.64459484887152,0.747499258558953,1.2356810353012977,2.457001530736866,1.4142129003618553,24.1,68.4,62.7,20.0,2.0,薄荷,悲伤
14297.502070959887,0.1302073565823723,9.148269536762871,0.0034648310376190466,3.599691203124707,97.92056251718198,1.0150599025097755,9011273.551660502,1.0,0.0,0.0,3.9206122171259743,3.226053043257458,153.79952780165985,0.7067817372690153,1.25,1.0,0.7861487785867526,45.2,47.9,57.5,21.0,2.0,0,惊奇
8944.985616431522,49.869098025584776,11.728767649876664,0.014801812844281082,10.656176617654252,0.0007634091547388,0.1725804915732756,9010807.0,2.107984830357585,0.08834817792471797,84.56002773510527,70.89071780114233,4.099724585102644,94.023125,0.36023644960539686,-0.11798497931049283,-0.15992261440653677,-0.6323233525922488,45.2,47.9,57.5,21.0,2.0,0,悲伤
14394.238461624926,49.75523111138213,11.333804826243268,0.007018462423831206,10.587109529956711,3.772616899080661,0.19705290654194021,9010807.0,2.9799941862710857,0.4299999999999997,108.48235440003164,59.06967152659822,3.3236079216884575,156.56189016942434,0.36449556198091043,-1.0372129898221676,-0.5030275557592047,-0.3318759810849644,45.2,47.9,57.5,21.0,2.0,无香,无聊
14832.049138495102,0.1302073565823723,9.148269536762871,0.001487804890637,6.359640472949012,138.75901021225906,1.0365197542286997,9021380.033950314,1.083396316941167,0.009690725310761851,0.0,0.0,3.094195710903442,152.43646132575586,0.6467325749975977,-1.3883387728078815,0.5535086908414255,-0.9250212379751439,45.2,47.9,57.5,21.0,2.0,0,焦虑
10573.184037510962,44.06853619914806,11.314078236833943,0.00746317669252869,10.655424888150034,0.6607656050866969,0.1725804915732756,9019453.570946354,1.9107351034237445,0.06550602713881226,83.86488778387461,74.19071361752289,3.8209439482938254,123.39793460819428,0.2884295415389064,-1.1729142658515468,-0.9386148178838489,-1.902605398746031,45.2,47.9,57.5,21.0,2.0,0,无聊
15053.0,49.869098025584776,9.971685891803334,0.0018798057555235212,4.885367813007075,0.0007634091547388,0.5026262737306392,9019001.044949912,3.0,0.07515976764095716,262.18220910224784,62.42300023093285,2.985238095,151.07470437747125,0.6034075166651408,-1.2168118093296807,-1.0215869299603242,0.2856244716413207,45.2,47.9,57.5,21.0,2.0,柠檬,藐视
3767.7560576900823,2.6263237914293773,9.353369053484526,0.0023741321751599583,5.52799515315807,96.54703924940537,0.8881256087306493,9032784.884938452,1.019619207762322,0.010545064477416936,0.06857920118591578,0.0,2.985238095,186.5385038653516,0.6333926403503141,-0.2565043639259389,-0.689219632911254,-1.612025509351265,45.2,47.9,57.5,21.0,2.0,0,无聊
512.1265948419689,0.1302073565823723,11.469693346570441,0.0019992430686416266,10.641980157527614,6.06459142001908,0.32451986472483846,9032467.724018497,1.9754500899069454,0.028765063336801348,148.31388140508108,60.42198125410579,3.4149221796086273,106.85393128274761,0.5619039024718451,-1.471742883899355,-1.0006425727387036,-0.2633134708916523,45.2,47.9,57.5,21.0,2.0,0,无聊
2685.901525477379,0.1302073565823723,10.867792359883373,0.0033308954180685745,7.108393248066948,1.5222740675789355,0.4403246433614762,9033065.25158324,3.0,0.0,241.35099057686432,93.49824574794287,3.08800911425787,156.52864951872326,0.5976910625398857,0.2385609709984064,0.47002135403883927,0.3860590400365426,45.2,47.9,57.5,21.0,2.0,薰衣草,悲伤
14270.606906662526,3.206292170911195,9.148269536762871,0.0024740562512823526,0.6084882189781291,11.906307974158816,1.3730441108965283,9040807.0,1.0,0.006901305222286143,0.0,0.39323372113695243,3.245966396905637,156.86809837488005,0.7432787263589253,-1.5,-0.3594880341493357,-2.75,45.2,47.9,57.5,21.0,2.0,0,悲伤
10402.957056878526,49.869098025584776,10.59924796474391,0.0025264199612672613,6.777972601998993,0.0007634091547388,0.5584039242962817,9039769.300449783,1.915573322377826,0.08406861827649056,186.19819948275455,57.34293544755924,4.463333333,109.23804283547548,0.6218240861390354,-0.15833763165262502,-0.15343647600343663,-2.344954260899299,45.2,47.9,57.5,21.0,2.0,0,悲伤
14990.447961890417,48.052539189246566,10.664259648742966,0.0017972980609432642,1.9891421335741852,0.0007634091547388,0.25088051393976296,9040121.461033711,3.0,0.07510993419787007,165.64167569126076,123.95596108587266,3.1708178116926224,154.30474856402046,0.2870167202017658,-1.1410679375451143,-1.25,0.8442672963346234,45.2,47.9,57.5,21.0,2.0,薄荷,依赖
15984.405504999544,0.1302026446262675,9.14812814179762,0.0019379884669670805,1.1797988994137956,29.64163183431398,0.2251127879450321,10010804.0,1.0,0.0,0.0,1.5175334176594861,3.0047327559746146,154.0735369258854,0.7120482115236436,1.8426026319431006,1.164137014489209,1.547089435114138,55.7,41.1,47.2,24.0,2.0,0,乐观
25860.0,24.14715850157443,10.651963394630483,0.002418620165161121,5.500077765410919,173.446855018903,1.8610385334622448,10010804.0,1.9784778545423807,0.07759463980205253,162.21046883628946,4.519170419487833,3.2989879449872896,256.122037,0.5520779343794897,2.560079533421783,1.9291640834428005,2.552967894737674,55.7,41.1,47.2,24.0,2.0,0,乐观
18138.429565373866,49.80925935639659,13.554138674150275,0.0037803174967923,2.2987189977820366,0.49516151133510555,0.8081430573675709,10011053.19356979,2.855665287776599,0.11049264535521675,139.03590805073435,23.409801533178303,3.245606497919643,162.2326796621256,0.5594390751880364,0.5952069886901334,1.1008007133738942,0.6921118808863876,55.7,41.1,47.2,24.0,2.0,无香,无聊
618.0,1.9234219396721222,9.14812814179762,0.00251065645772973,6.594596164143583,116.02548847555245,1.5104243889110054,10021545.934168678,1.0,0.0,0.0,0.0,3.2233214925980898,151.53346463396508,0.601373296434712,2.267593732724027,2.5641797692085504,2.1306877731662426,55.7,41.1,47.2,24.0,2.0,0,喜悦
4091.230642206263,0.1302026446262675,10.346527732747585,0.001948107625178208,1.8676638752246468,4.804009474564686e-07,1.2652424633456705,10020881.0823829,1.8788199148430407,0.24583337896840415,57.18745654169749,10.732080736891124,3.2101459644139876,124.15734615470535,0.6320475633900983,-0.10655926272105148,0.9682434262177688,-0.8654846743378211,55.7,41.1,47.2,24.0,2.0,0,焦虑
14169.917792762244,0.1302026446262675,10.839439665654403,0.0029675942211887588,0.3906712167474684,4.804009474564686e-07,0.0728371409988222,10019913.826705562,3.0,0.003892781830996751,176.91421003624515,132.6989754360506,3.0766170475342203,154.4104516008587,0.1791621417860382,-0.42653835482709057,-0.4981488057106644,-0.22589398583950793,55.7,41.1,47.2,24.0,2.0,柠檬,悲伤
15709.894194424782,0.1302026446262675,9.347002012557684,0.002066856263494785,0.9243719667099933,101.28471255272657,2.0886824916133566,10028544.458690856,1.0115876728944815,0.0,0.0,0.0,3.2140531374945414,153.5241365895732,0.7294345027883197,0.6299423863228364,0.051320764871790825,1.8556078713258801,55.7,41.1,47.2,24.0,2.0,0,依赖
9168.331944414862,45.1705586704737,13.129362191949472,0.002187482348454717,1.256742565100992,4.804009474564686e-07,4.142983406214622,10032048.880429486,2.069582833670772,0.08582198476774455,186.47773216282957,0.0,3.698897305470076,87.27926938318984,0.06461134351911942,0.0938422416832001,1.0222797668953172,-0.47897302574114486,55.7,41.1,47.2,24.0,2.0,0,恐惧
16001.519664847285,49.86977750334098,14.413194541983154,0.0014704139169471,1.3888850212831418,3.1813520435830593,32.46801470199379,10031617.819933841,3.0,0.07514569656897364,303.55,2.2817071442696766,3.014877457151281,165.288886068619,0.11131219693060909,-0.3973538522746026,-1.0,-0.7249433459958193,55.7,41.1,47.2,24.0,2.0,薰衣草,悲伤
15638.161306223723,0.7638570000641076,9.272064571379444,0.0029234676162246077,2.1103660254204115,142.70251928492428,2.338907808843034,10040804.0,1.0,0.0,13.33345237220007,0.7057370965666085,3.2518459370249833,151.82016511301683,0.6981702131001111,2.075156338228165,1.678553417422231,1.3012997009483396,55.7,41.1,47.2,24.0,2.0,0,喜悦
13202.386436933495,49.86977750334098,12.482080270929053,0.0016578789058347252,1.6240451623503034,4.787249768351088,4.149621799407868,10040419.04149181,1.9168691081546116,0.12932634908887786,169.24096255874812,62.101396996452564,3.5667353978372143,113.25876547002377,0.6855427920653185,-0.4864598729698794,-0.04509545397032405,-1.4647942453834348,55.7,41.1,47.2,24.0,2.0,0,悲伤
14863.964666419157,49.86977750334098,13.410840298485423,0.001561286898760154,1.243203623504588,5.295533123050777,3.339714581047377,10040461.770778177,2.8816850278041395,0.06379277784318228,144.46421257428887,78.41376765055702,3.3725215718105876,140.74723169151954,0.2641373072525647,-0.5,-0.31659404060586194,-0.33323815598102635,55.7,41.1,47.2,24.0,2.0,薄荷,无聊
59.0,0.1301585918639747,9.148475587348658,0.0014808058824606,6.524551297419151,139.02019665908898,0.7359455248903554,11010807.0,1.0,0.016901765684874892,0.0,0.0,3.193837325465212,150.585112115848,0.5900555427322447,0.08011580373783009,-0.7243922927368576,-2.75,27.8,61.6,57.5,24.0,2.0,0,无聊
364.6354203042392,0.9129614228605571,11.979375101110362,0.008917350584594167,8.32192575364232,0.0003889497363421,0.11268395691356588,11011834.83677955,1.968675416035841,0.32409242040716696,36.704188667693714,10.33011167011204,3.1127322547724923,116.29864338003519,0.23791956021130217,-0.016661080057144718,-0.05234763995214756,-1.5743615683215937,27.8,61.6,57.5,24.0,2.0,0,悲伤
730.2037880948185,0.1301585918639747,11.514426757856087,0.010764987155033687,8.020541276955006,1.9490594278021367,0.0717190321574649,11011271.794243572,2.938596191732535,0.5297481497076999,144.08492022169094,94.45319660085497,3.365090477695982,157.23344665475727,0.11265229109810054,0.14164635961050132,0.5,-0.25423681687734606,27.8,61.6,57.5,24.0,2.0,无香,藐视
59.0,0.1301585918639747,9.173968071359521,0.002734854281969123,5.8845551184695815,80.56837723212217,0.7655034233615488,11020257.325875042,1.0073933812066913,0.027956881864363903,0.0,10.66166080829495,3.2204104431589347,144.93208972856195,0.6515092852702592,-1.465954433667209,-0.7345029818992668,-0.900606350748041,27.8,61.6,57.5,24.0,2.0,0,悲伤
59.0,0.1301585918639747,11.740106329482987,0.00843691777729701,7.73884941205361,1.5354444178447864,0.24192382715486777,11021171.552643416,1.9553455723237951,0.010535060085808174,35.45489028576035,63.677435258926344,3.3686944845477598,74.8044966259547,0.28798479676350114,-0.7849827281563397,0.4729972572587628,-0.38184945236648504,27.8,61.6,57.5,24.0,2.0,0,焦虑
475.8871204316731,0.1301585918639747,11.341521761077205,0.004103090644848985,5.997751463384338,0.0003889497363421,0.1713012167761604,11021916.054708663,3.0,0.12650518446047798,169.22920820875055,124.66791575956788,3.30258215008514,162.124375,0.36668100880057536,-0.9473706760908094,-1.0,0.5231503543860331,27.8,61.6,57.5,24.0,2.0,柠檬,悲伤
739.3605783819942,1.2788451301491226,9.319366517782635,0.0017216533749583496,4.770308474902178,99.80410987189217,0.8273954359509524,11030982.60717606,1.050036734891719,0.0024617539120098068,0.0,3.762234510628555,3.229586775464629,155.481155370918,0.6534006560722654,-0.44018794029550934,-0.3003194343313738,-1.8019227541328928,27.8,61.6,57.5,24.0,2.0,0,悲伤
113.7886777496509,2.12488781381457,11.478801487047821,0.012690413883173239,6.109940027032652,0.0003889497363421,0.1502349674043238,11030766.632109227,1.9537445127326838,0.5066918292036996,83.02793669914487,68.90722645833415,4.188421053,100.58883336631119,0.23302910961893614,0.03811693373955623,0.2298099036889888,-1.4244090411168584,27.8,61.6,57.5,24.0,2.0,0,悲伤
4438.184640030673,0.1301585918639747,10.510935282652833,0.0014808058824606,5.359639475329962,0.0003889497363421,0.39480479169079513,11031866.989891777,3.0,0.05346986363975863,250.33489361702124,69.8968192328279,3.109433800923976,162.124375,0.6492194039618875,-0.7315729741418194,-0.4921793660499377,0.4665560082742456,27.8,61.6,57.5,24.0,2.0,薰衣草,无聊
14627.655363153079,0.428402889158335,9.23267752322888,0.00555758203287433,6.439816491596872,91.05587884876617,0.7306885542881998,11040808.0,1.0,0.0,3.4044285572682678,4.603753972203917,3.5900239052683904,144.92301929019294,0.6526390226769181,-1.4433370769192502,-0.6792227466574741,-1.3835420776087874,27.8,61.6,57.5,24.0,2.0,0,无聊
8018.163761447139,49.32299825996162,11.431104333027799,0.021556678207875997,7.588421874635257,0.0003889497363421,0.2659467045198535,11039041.670116825,1.949640452632976,0.11260821394305472,64.81547795366814,69.13577594370773,3.5718209132218517,63.56263158,0.3813265463843633,-1.307852952275764,-0.041176295521675725,-1.5242586933365676,27.8,61.6,57.5,24.0,2.0,0,悲伤
15016.0,46.874582383803585,12.029229968679624,0.012327461281672048,7.0318594870559625,0.0003889497363421,0.19164796116270635,11040420.907210317,3.0,0.5336531337666244,93.26294008446095,103.08204493336096,3.322720985709206,144.25809970680405,0.27233806411387423,-0.49375485492285154,-0.26329893370449925,1.0,27.8,61.6,57.5,24.0,2.0,薄荷,藐视
5747.772591484077,1.2063193595069852,9.174991425037465,0.001475370595658,2.02535369061384,114.0217054250917,0.9226604589969779,12011336.115774611,1.0,0.027086893981145926,12.819932172405466,0.0,3.210411701140424,149.76818280903683,0.6724516077974473,0.5128473456355707,0.2775916344750178,-0.5,66.2,44.5,36.9,21.0,2.0,0,悲伤
66.0,0.130202274368722,10.926292218020029,0.010381058154894393,4.015904154936012,1.3148188516071651e-05,0.07520066927249526,12013468.425045246,1.9549913557167757,0.07265339855541346,97.42239889121308,56.86382657534887,3.7760779473355477,89.348,0.11959703259537896,1.29746155014242,0.9261067965275838,0.3782243971928262,66.2,44.5,36.9,21.0,2.0,0,惊奇
3298.7906746641556,0.130202274368722,10.563583728851432,0.0015844732702955508,3.6681116437070043,7.343851364039168,0.2567469076662673,12010810.0,3.0,0.003820504421866601,209.0079780703753,110.5186417931446,3.1801251841107914,152.881799868547,0.4352065401042367,0.012437052691034943,-0.75,0.042828250224159266,66.2,44.5,36.9,21.0,2.0,无香,依赖
15069.0,0.130202274368722,9.14884403135466,0.001475370595658,2.619800737234558,90.36502921094852,1.116757353271969,12020493.153564153,1.0,0.00671316287957913,8.13357035161136,0.0,3.1623401555010635,152.69564663442972,0.6831573947726663,1.6432262402418005,1.0,0.9759278703155086,66.2,44.5,36.9,21.0,2.0,0,乐观
10461.918339625601,45.14463849167491,10.743215201391783,0.0023748966742564337,3.2146910946490626,1.3148188516071651e-05,0.0678034570492159,12021939.590369727,1.9183780780161925,0.30776660162836106,121.8966898496276,49.333330322211815,3.8296247034754187,109.18888526894328,0.1084602818135772,0.5008095443203322,0.8173548025502413,0.2778196091495274,66.2,44.5,36.9,21.0,2.0,0,惊奇
15069.0,49.86638428606884,10.849828488329337,0.0015665532184597742,2.9496399734750836,12.202080069330718,0.6377749322255034,12023953.534418078,2.905106229634939,0.09622163829741079,135.0363056908446,96.55373650520694,3.252560688559425,161.87990501918057,0.332567194797293,0.26913181178235596,0.5282530590439414,0.6244853875055881,66.2,44.5,36.9,21.0,2.0,柠檬,惊奇
6368.146748982929,0.130202274368722,9.14884403135466,0.001475370595658,2.0709907739118663,93.88261050718546,0.8690488377191297,12031550.020418078,1.0,0.010520900177454356,6.367057186286779,0.0,2.922368421,163.16984283360472,0.7015628502150807,0.8103160787561084,0.7334126857771845,0.8265235061540079,66.2,44.5,36.9,21.0,2.0,0,惊奇
141.61298242191236,0.130202274368722,11.299073936980824,0.0137508413139877,3.8470064392658148,3.1791489865788414,0.11840172590540005,12031471.852701662,1.9670845649989583,0.5699999999999932,102.13220667004802,51.540031697579025,3.2864192911011427,100.87014236724042,0.1501108636743161,1.0368212388726545,0.9337729728330153,0.46054887615760354,66.2,44.5,36.9,21.0,2.0,0,惊奇
7919.518339926523,0.130202274368722,10.22265246478115,0.001475370595658,2.394664563036855,1.8700618030734422,0.33071868612993727,12030044.739249118,3.0,0.0,270.06813186813184,50.304624096057815,3.047144631839404,149.7988748077455,0.4821303991250774,0.07394786182407902,-0.24231377396284648,0.2666547489764794,66.2,44.5,36.9,21.0,2.0,薰衣草,惊奇
2546.694915278525,0.130202274368722,9.151117031166306,0.0019455921038541418,1.8142576748209174,87.29756562266859,0.918810696708029,12040220.336312853,1.0181236649305558,0.003080210584052091,0.5455629982091911,0.0,3.122500795173643,161.1787828461621,0.7015628502150807,0.16954937444715434,0.2995791605938079,1.5,66.2,44.5,36.9,21.0,2.0,0,依赖
66.0,0.130202274368722,10.485096708709888,0.0036337770067589245,2.1661077055325606,1.3148188516071651e-05,0.18322808786035255,12040811.0,1.8375935682046591,0.18048506912834106,60.47882007715549,22.163924410891163,3.817185696161392,96.03342953160063,0.33951522524565797,0.7877465619318806,0.4603448912907133,0.43957728716243377,66.2,44.5,36.9,21.0,2.0,0,温和
998.7413770775572,2.594732199839788,10.95932295701217,0.0031294655822449707,2.9380591135814753,3.9468410796417475,0.19073675261474332,12040811.0,2.9790103836776005,0.2409522547172417,221.61724828712366,107.05037278558656,3.2484568117497137,173.8063333,0.4334632519822704,0.27745571739811836,1.0,0.4820230049271673,66.2,44.5,36.9,21.0,2.0,薄荷,惊奇
15133.0,0.1302165567175284,9.147646004794527,0.0014615102162629,8.30620133613976,97.34316461371306,0.6709812168105855,13012659.281245593,1.0084184816438457,0.012835954951878467,15.272209351002981,0.0,3.329656703128495,151.93175277957573,0.60244145795843,0.23840675754496468,0.06945350954061374,0.23440875148752063,51.76,58.75,57.53,20.0,2.0,0,依赖
9376.130631009728,44.75487202039129,11.466484779195943,0.016664003066753932,24.5191264991684,0.0002107011584137,0.121981995007775,13011635.47402185,1.9345777854538064,0.09375846223883536,90.53063631850506,57.12607405743335,3.3932687080519384,100.49197062458802,0.2016159638403514,0.2239043654933422,0.788963793993907,0.49922920366289864,51.76,58.75,57.53,20.0,2.0,0,焦虑
15133.0,44.36132164888177,10.146830334931199,0.0023796161808713003,8.839955386504505,0.12762632323403816,0.3759972246952316,13011461.717521511,3.0,0.09241368205347769,268.8442171680911,46.515151036135535,3.0137752823032224,149.70363731305758,0.5278238095123258,-0.46485229714803733,-0.49703079727736743,-0.24325738640922231,51.76,58.75,57.53,20.0,2.0,无香,焦虑
15133.0,0.1302165567175284,9.147646004794527,0.0017775545362143708,1.7119987061072903,91.47748520557221,2.059961121505311,13021098.062153379,1.0,8.510764682713329e-05,0.0,0.0,3.1285953678231655,152.7375434230729,0.7156565141694898,0.2710869106792315,-0.45241528157651395,0.494064679085805,51.76,58.75,57.53,20.0,2.0,0,依赖
9277.899193135841,49.86806048551195,12.144325232464126,0.013662027425086296,8.576948517064931,0.0002107011584137,0.7401586212115822,13020666.490701102,2.134639461652304,0.24683968427706054,48.632300252075474,19.403741600028226,3.0606911961671908,88.55454210440006,0.6370116646078711,0.46027671313552276,0.7062152752178033,0.48223285969505725,51.76,58.75,57.53,20.0,2.0,0,惊奇
14807.668374527386,49.86806048551195,10.035330480482761,0.0018797832256360533,2.361596312238894,0.0002107011584137,0.9618045987133891,13018897.442762814,2.8740048896869124,0.06803455178336634,267.6648144385609,65.05599070266568,3.0203590807067116,151.05626499044027,0.5412154711604185,0.2350453003695077,-0.06950571384244204,0.27785434652443525,51.76,58.75,57.53,20.0,2.0,柠檬,悲伤
13714.119745935546,3.249839649275028,9.147646004794527,0.00795961088126378,8.665276445481467,121.15945437517212,0.7568248788389648,13030487.254110118,1.0,0.012326662481478692,1.5927321512849721,0.0,3.183599232465414,154.11345132727809,0.6191565555351854,0.06944498178129462,1.33,0.04771241159249913,51.76,58.75,57.53,20.0,2.0,0,恐惧
8943.736899069683,49.045465834832186,11.156697990135347,0.012242627610772777,13.555924030342256,3.4207533478393377,0.22217783309125708,13030827.921978045,1.961662323505252,0.10670763809032895,81.62119587287573,81.47120441125432,3.4556178512877804,102.70574354189635,0.33417998873559257,0.75238647311309,1.0553111978838392,-0.018026861526008856,51.76,58.75,57.53,20.0,2.0,0,惊奇
14416.100131136725,49.67235465769442,10.61686606411538,0.004471520954949849,6.8706215747571715,10.48730418276491,0.47141926704931736,13031560.879394125,3.0,0.07841012840624827,211.26163333976714,108.86116138682338,2.894928195510777,159.0210811,0.5619898737558301,0.7609387727611737,0.36304132596894,0.028976050110502666,51.76,58.75,57.53,20.0,2.0,薰衣草,悲伤
4898.981279235303,0.1302165567175284,9.147646004794527,0.0034471012775514377,4.710834907930071,101.08563259824273,0.9422657011355873,13039015.228855737,1.0582601548804738,0.00038999150061817394,7.240062481687936,0.0,3.2710515656683055,152.33622841075385,0.6870133815306304,0.8133335823170104,0.9679746800427514,-0.19140215842798924,51.76,58.75,57.53,20.0,2.0,0,惊奇
80.0,0.1302165567175284,11.47514900031841,0.007620630277635349,12.728246754851522,0.0002107011584137,0.12244052783337135,13039901.8007638,2.0382270534354014,0.2800000000000011,76.53315738055933,68.47011134220192,3.752777778,95.27126300932073,0.2102755900711421,0.983815005776636,0.7886035396134379,1.0,51.76,58.75,57.53,20.0,2.0,0,惊奇
4466.055215939879,0.1302165567175284,9.944284137369241,0.0014615102162629,5.663773964489073,1.718481493162083,0.4662117657347021,13040811.0,2.9190126945784374,0.07431416927957205,279.5116176470588,37.6590063243413,3.09442839374261,159.0210811,0.601826013496905,0.32521640564645854,0.7565106781855526,-0.05058713878955138,51.76,58.75,57.53,20.0,2.0,薄荷,焦虑
6009.872996352861,0.1302127598306605,9.148668687176745,0.002207588097325381,3.5201168701478127,129.75039843881157,1.0120745273708633,14019295.45871111,1.0,0.0,2.9548980727923437,0.0,2.918611111,162.34738911833398,0.6891873951179408,0.9781514692078584,1.1081844918750854,0.21817421225084666,52.2,71.8,62.7,20.0,2.0,0,惊奇
109.0,0.1302127598306605,11.529567785155558,0.011498400928586413,6.9742131174512485,5.641870257373093e-05,0.2620779904725536,14019408.170563105,1.9367069854568009,0.04589417552777663,95.31834053877917,96.14621294557764,3.6672104373431935,106.45573978149883,0.2803723615998235,0.5176248866021529,1.237246458238103,-0.5,52.2,71.8,62.7,20.0,2.0,0,恐惧
6505.337480938289,0.28901979170485115,9.680150604725625,0.0021150872791797694,4.017981232047434,3.2497640040632647,0.7819469527060471,14021510.286019519,2.93125841835497,0.04420742489065888,269.6354166666667,59.445096515791214,3.187477109267457,155.34448332716568,0.7933583465746183,0.044430471251028766,0.05512325923857405,-0.26943002148961215,52.2,71.8,62.7,20.0,2.0,薰衣草,悲伤
15369.0,2.376727592905861,9.148668687176745,0.0025142000993041776,2.7324183157861897,105.67177181996314,1.776461539784609,14037950.104273478,1.0,0.0,22.241810050527118,0.0,3.0011919680790657,158.4343787967938,0.711823710817385,-0.2495223101884744,0.5395564931646784,-0.2231430860232019,52.2,71.8,62.7,20.0,2.0,0,焦虑
9428.77025127152,47.45454613113092,11.267444808374757,0.01113301220768982,6.556111195846586,5.641870257373093e-05,0.28544552151438657,14040920.0,2.083347187791032,0.5900000000000034,95.54005104747543,36.77298674371525,3.274240418234874,85.25947368,0.3210482183452439,-0.016276653687057295,0.18856896529371497,-0.24654879270257274,52.2,71.8,62.7,20.0,2.0,0,悲伤
15163.92777433714,49.85752678526552,10.006046671411921,0.0014549382814965,2.231878531398912,5.641870257373093e-05,1.6275716148837243,14040920.0,2.9959331810080823,0.07325567294034385,269.6354166666667,58.49071438922128,3.3206808785971202,144.8464424256654,0.7597400651937388,-0.0017283513434335636,-0.25,-0.017547642160386408,52.2,71.8,62.7,20.0,2.0,薄荷,悲伤
1081.4875499588297,0.1302127598306605,9.148668687176745,0.001801233612152694,0.679634154872476,105.74075536216478,2.3457665145013613,14011266.761952775,1.0,0.002065624023340807,24.60373601175878,0.0,3.016674283075439,153.22961556191814,0.7229506735251923,0.4857909762503396,0.7188626503467122,-0.2644469666589593,52.2,71.8,62.7,20.0,2.0,0,焦虑
843.1699031949287,1.8160199710179792,15.283140726664357,0.018732744487702,2.3096796982887415,2.383016970502951,0.4381403980770613,14012584.290260265,2.1034223608141733,0.029669762873061653,113.36286501398084,99.67796095342398,3.0477014696826887,120.3668614188972,0.5043963719752077,0.755502224170602,1.25,-0.5,52.2,71.8,62.7,20.0,2.0,0,惊奇
3769.945607654972,2.0348258595073254,11.507786845011276,0.0014549382814965,1.6376755701681835,1.839921107620757,1.5338871611582061,14011594.628061783,3.0,0.10192282688824461,253.56047919918532,73.65718422450803,3.092079443604592,168.5561111,1.0564971512803591,-0.048813556190069135,-0.2423998276582752,-0.2437995472161533,52.2,71.8,62.7,20.0,2.0,无香,悲伤
15262.0,8.533916912274401,9.14841812068076,0.0021950877427619067,-2.1143097124021923,81.2003379036161,0.9211044795939748,15010921.0,1.0,0.004037265915875636,0.0,0.0,2.934477723788506,162.65461024771972,0.8581213545356491,-0.20264395859791837,0.24799526090115867,1.067821977543194,66.2,65.0,42.1,23.0,2.0,0,藐视
7886.385434585005,45.74921262349636,13.256368172106555,0.014463414563083525,1.6602717988507383,0.2633105197352737,1.989718892174893,15010921.0,1.9660249857670749,0.07189174610799988,81.82043581113945,60.39664315933639,3.582966632550376,68.49823529,0.9593117953084321,0.26934809016733435,1.4780626641116643,1.7384079506581898,66.2,65.0,42.1,23.0,2.0,0,乐观
14745.974516580141,49.8038393679163,11.350169263799685,0.0029309560194158,-0.8473837438634672,5.654517348483369,1.222641458673685,15011239.878741259,3.0,0.08037692169684742,229.83215169301047,100.11596182634067,3.188621610913229,151.4217383699362,0.8125541583108606,-0.23573925494841735,-0.416621909921693,0.45510393532121934,66.2,65.0,42.1,23.0,2.0,无香,依赖
14933.109941667022,0.1936041378755366,9.14841812068076,0.001473743760643,7.967513951985205,125.19355892292364,0.6943154570346246,15020086.032837484,1.0,0.004932187065245006,0.0,7.795767958417185,2.87575,162.4344651915023,0.6299542785863907,-0.75,-1.1831785624256717,-1.769455250481073,66.2,65.0,42.1,23.0,2.0,0,无聊
13691.09022608259,49.8038393679163,12.330634455534096,0.0188827077502474,9.573835424404983,5.868131922409297,0.18539034912486788,15021055.460888961,2.212760134106965,0.10224788168116647,141.15179321122864,102.29357517730035,3.5315333728445926,145.70940955068758,0.2654046783652013,2.226758724867658,1.7231860526273697,1.8784418166339207,66.2,65.0,42.1,23.0,2.0,0,乐观
15185.56695294003,49.8038393679163,10.656656119153128,0.004261755863554085,6.7794484871863805,0.1668036726027129,0.1344427566398912,15020476.14298146,2.9650934538408973,0.00957325189938285,122.42171419757253,107.35017640430031,3.4733371557392707,142.53561576247677,0.2079896527047293,0.028558053063269438,-0.40377445899766523,-1.4483224714596128,66.2,65.0,42.1,23.0,2.0,柠檬,无聊
14790.020624482037,1.3592122442562822,9.14841812068076,0.002531776111569537,9.093624522846701,94.46452256926416,0.5709231578838034,15031254.7203481,1.0,0.001236458175169418,14.049842444987547,0.0,3.4638410601566294,150.12171013664238,0.591741867766173,-0.15719519938172005,-0.09014686975905582,-2.1519091504133203,66.2,65.0,42.1,23.0,2.0,0,悲伤
9327.174912151946,47.37830419604944,10.87128380729206,0.011117579055267154,10.162984167819769,1.824830029314452,0.1344427566398912,15031616.227133766,2.1214421444500013,0.1299999999999954,63.82338945710231,85.82054841849667,3.342824502183127,88.9349443539828,0.26697400367802426,1.137818096852023,2.6553563884703455,1.5573730551538127,66.2,65.0,42.1,23.0,2.0,0,惊奇
14628.62830585375,48.69146567461604,10.312217307440553,0.0027512034699777557,7.974826458166627,13.97859683412658,0.2602136321947379,15032669.100067537,2.984580896077993,0.081225172775351,241.6748078212582,86.0125487744689,3.0196852598802093,151.928432589106,0.4667882900409233,-0.20414039009801818,0.8215599741794639,1.4064349854910314,66.2,65.0,42.1,23.0,2.0,薰衣草,无聊
15190.041424929374,0.6009332941604202,9.17929670432648,0.001732695620001918,4.268370825175927,87.33399208785173,0.9384945989705598,15040921.0,1.0,0.0031695360461577267,6.529848708743128,0.0,2.94602151790249,164.6454286,0.673570855931726,0.001528037284308431,0.4212748844527302,0.47430292252222284,66.2,65.0,42.1,23.0,2.0,0,焦虑
7668.640907830819,46.566155994856686,11.246598183699803,0.012775781416387863,7.167301226142244,2.0825133583879682,0.14628709071714163,15040921.0,1.986648921354798,0.08871115056296751,69.60069641722235,67.70433541811666,3.9285905690008884,73.75220630956855,0.3323045210598086,-0.21535960960872974,2.3608039714240436,2.174679889766895,66.2,65.0,42.1,23.0,2.0,0,敌意
15246.881031748102,49.8038393679163,10.361626691606354,0.0054009760027359365,6.229996103375039,1.9664482904901974,0.3385719517067155,15040921.0,3.0,0.08096708811419655,204.03800063804408,118.58150596760116,2.87575,162.39425194300605,0.5120972802143887,0.1882607277042916,-0.019939107583966744,0.9854890680609687,66.2,65.0,42.1,23.0,2.0,薄荷,无聊
14698.216936757952,3.2956406295757428,9.14778766463902,0.006039222656550836,-0.9457233171352084,102.2787646104408,2.286741221540471,16010922.0,1.0,0.0005542922715205532,0.0,0.0,3.384554548277163,149.7807629857734,0.8275371211080125,0.18673378881667085,1.4785929916143665,3.6184589778614797,47.06384409657413,42.4,41.1,20.0,1.0,0,乐观
9394.569538959375,47.11489923994193,15.31964142484128,0.0167152273130757,0.3955996557609154,4.309248236241854,3.5158569613500337,16061975.538278578,2.046666489164677,0.04308992078015447,97.42438815582005,70.44586816958082,3.1182843477937534,91.4288513412659,1.213485634886118,1.4900861783656087,3.4778071992381636,3.869140546945216,47.78228796103588,42.4,41.1,20.0,1.0,0,乐观
13620.420997229505,47.54955332238954,14.216206618786781,0.007897253376201093,-1.8370330644649158,4.52459281608951e-05,0.4334182520184673,16058981.57194515,3.0,0.15413482453515664,131.85886088461706,100.44968951041884,3.5141611925135443,146.13211771427717,0.4318623511494118,1.551556706644277,0.11064237926546644,3.3337448527952915,47.9,42.4,41.1,20.0,1.0,薰衣草,乐观
14547.488771848211,0.1301496927794641,9.14778766463902,0.0028241937748602697,7.511724922312175,78.92626632857383,0.7015655872364833,16010922.0,1.0,0.015446471579213365,2.182071184158395,0.0,3.013018207499965,151.05349296163817,0.5988822385475371,0.13596350691034753,0.6840545637793893,3.8719333963334543,47.83311621038903,42.4,41.1,20.0,1.0,0,依赖
9553.91653195253,34.04468706523334,11.522503406437933,0.008987380715368216,10.92019381608712,2.133562145850797,0.2648769882487415,16010922.0,1.9901048170367193,0.08717280916618636,66.46111489276034,67.21494143646463,3.900526316,73.92352941,0.4677177407383315,1.7893698552102433,3.1744240414488054,3.9741618910187233,47.9,42.4,41.1,20.0,1.0,0,乐观
13683.266544466922,49.15671901814624,10.493786847850972,0.007164192274227265,6.644783470340888,4.52459281608951e-05,0.3390645466740561,16018066.062475327,2.9619924218808698,0.06908746227525243,194.14872864731038,107.21698194830878,3.3427624979794417,142.27266645036184,0.547710352518734,0.8039158254833307,0.5266515995865302,3.6139015753627217,47.32724306904749,42.4,41.1,20.0,1.0,柠檬,乐观
4082.0302069489258,1.0228157991333884,9.216550107780638,0.0014858364013216,3.87038824101333,80.63869948059165,1.018297349212737,16010922.0,1.0,0.0,5.188238067912241,4.620949506557569,3.1093434435596,156.15248207092097,0.6872238516801936,-0.25,0.5565250047997053,3.5944230752913726,47.9,42.4,41.1,20.0,1.0,0,依赖
166.5795212608158,0.1301496927794641,11.799844121925736,0.010164132204272584,9.509965481534088,5.125821328537963,0.271535580333634,16067717.270612748,1.7776921844402298,0.3799999999999954,55.59377393765089,57.58869605494888,3.702966359138117,73.92352941,0.43052586489046485,2.037010232773249,3.076679973840429,3.6313044408787736,47.9,42.4,41.1,20.0,1.0,0,乐观
7437.960459075665,0.1301496927794641,10.084139990717299,0.0014858364013216,3.1459351116537024,3.5171368352872476,0.5762450308619237,16010922.0,2.9210745550656005,0.07117092754728048,265.4700915042865,44.49825200047211,3.0120297512177907,158.0611765,0.5820113080760619,0.38291117891673543,1.4058331412549103,3.269743662520468,47.81282276493961,42.4,41.1,20.0,1.0,无香,无聊
59.0,0.1302085193433449,9.203820478119646,0.0027482307805630924,7.893864303438869,131.24658583680463,0.6621945132914748,17028713.657676965,1.035432390597482,0.006718166737837665,0.0,0.8259675198376782,3.1628460863112373,150.7772696132397,0.6096976767032305,-0.1717738547598919,0.5346270839526107,-0.9670522065572055,31.1,71.8,57.5,19.0,2.0,0,悲伤
104.29402995260172,0.4562520945523134,12.210352868901703,0.013551401261881518,9.364912110129225,7.999119940413994e-06,0.1432822278403546,17031071.98545042,1.8926861086456925,0.4967125212941734,135.617433018147,90.13884131455688,3.8754124069726688,130.03517089056047,0.2329631035431903,-0.7929817684867205,0.4656098464542907,-0.41284544869800255,31.1,71.8,57.5,19.0,2.0,0,焦虑
811.1530111863052,0.1302085193433449,11.80565177571654,0.0027416402076695964,11.082437234316599,7.999119940413994e-06,0.20434690804732436,17030924.64308883,3.0,0.20948459210941342,162.50765438177433,84.1093875526863,3.6016534841940953,155.1011244682339,0.32504248006624425,-1.200921848612285,-0.1413618555298481,0.003593505037109921,31.1,71.8,57.5,19.0,2.0,薰衣草,焦虑
15372.0,2.31986939283324,9.148686740112147,0.0014470815918656646,4.0674699905628735,110.19539951559,1.5980051848536623,17039753.785884004,1.0,0.0,7.384678840893346,0.0,3.1462835793976596,155.76480602530683,0.6696138841808805,0.2443799095690062,-0.8022162060721731,-1.7206094706530324,31.1,71.8,57.5,19.0,2.0,0,无聊
10395.890736796175,49.82601222205892,11.15173043862588,0.011392247491699457,7.696849624001743,3.613838340789636,0.5041974194708706,17039209.644295663,2.0933181020917,0.5600000000000023,51.549243902702536,25.020582668371496,3.879545455,101.00228466997683,0.5617798462279214,1.6278540572738354,1.4616007629896064,1.9771857784286972,31.1,71.8,57.5,19.0,2.0,0,乐观
15029.79574966335,49.82601222205892,9.775471406577662,0.001433024590382842,5.024665192290414,7.999119940413994e-06,0.8689768076977521,17040412.827156406,3.0,0.09185915310378993,250.8281528367113,83.45404296990588,3.447456199404603,150.18061033756652,0.8093764670558056,0.14921211039731713,-0.7771124264150336,-1.7531456025828498,31.1,71.8,57.5,19.0,2.0,薄荷,悲伤
13166.827815790644,0.1302085193433449,9.263967557110552,0.0010702328957153,0.7004958943860776,92.79969425777112,1.3544039039266311,17021566.656901296,1.0,0.0,2.386524110029958,2.1230032914050003,3.308062539297162,203.5093478,0.5763121985465343,-0.1356560046333025,-1.2460834298187053,-1.647697005320431,31.1,71.8,57.5,19.0,2.0,0,无聊
59.0,0.1302085193433449,12.687620268356314,0.006759775076062951,6.119662829010388,0.06333956047574563,0.3580183740450168,17021114.0,2.0378173928627556,0.3361568350902703,84.94703190371521,73.34620456140365,3.388118081924175,69.81716402976643,0.5009749193620968,0.5995568037497455,1.5,1.8549698420215042,31.1,71.8,57.5,19.0,2.0,0,惊奇
8734.209510414981,0.1302085193433449,9.732893506429544,0.0014466756202783045,0.9771928477468377,7.999119940413994e-06,0.6361313550140192,17021114.0,3.0,0.15164454705121622,268.3267881264373,29.079684971235498,3.2181229013316486,148.26008317642058,0.6734403365121185,-0.5630294582371139,-0.12734378947251057,-1.6449300047147257,31.1,71.8,57.5,19.0,2.0,柠檬,无聊
3414.3898261975146,0.1302101632561647,9.148173064436108,0.0015824958613770285,4.524712062516345,102.57589351369673,0.9596844020783678,18042515.31738899,1.0411633260410251,0.010019476658755072,0.0,1.2416174425867217,3.0997219939710097,147.36835591576346,0.6720881404320437,-0.25,0.25,0.4960637047127069,62.0,39.1,41.1,25.0,1.0,0,焦虑
89.60242060538707,1.921904913348855,10.49366684202903,0.00608457985715161,5.33991842366029,5.638406693854192e-05,0.1278389100988671,18029216.118896756,2.0976911655388,0.17780069763649942,85.08090633556455,51.55242557872356,3.37344775642166,86.88024033610839,0.17684184826575083,-0.25,0.25,0.5139891729017503,61.87765123663925,39.1,41.1,25.0,1.0,0,焦虑
4168.7468589535365,0.1302101632561647,10.244936282905073,0.0028165059018048183,4.244470085637049,3.771803137514404,0.2535529017944031,18060997.696841482,3.0,0.011017344172577602,227.80657440018362,83.42379822019598,3.0630373635522794,156.38640993103274,0.4374511549964401,-0.25,0.27204950182303617,0.49391605621050955,61.40939897527567,39.1,41.1,25.0,1.0,薰衣草,焦虑
14457.406287948,4.450377404497402,9.148173064436108,0.002700861962461234,10.162846970094218,119.5339587187684,0.5796847600825913,18010922.0,1.0049389928357133,0.0,0.0,2.322662124963631,3.3264279712283056,153.0140965590886,0.5591625889833225,1.1897227175993037,1.084090967014821,1.176512330900949,61.76964646738259,39.1,41.1,25.0,1.0,0,乐观
10807.700505026345,49.14032415926457,11.031787390882807,0.008765614861929283,10.613207160380043,10.350039499163255,0.26160842097559245,18010922.0,1.9376636190393608,0.06310862319849854,121.65827791150438,99.60274135426448,3.8917096318463513,118.22562540098356,0.3078495705687141,-0.25,0.47942045960796575,-0.5,62.0,39.1,41.1,25.0,1.0,0,焦虑
15158.0,49.55875888447703,10.820587479583518,0.009633548416333048,11.095780771873034,5.638406693854192e-05,0.1093582357980403,18020357.06467298,2.9866938524872597,0.5388620416412645,146.4828869459157,109.54170214855314,3.2531463010662565,154.13804302281022,0.1900763638206386,-0.023602427337376258,0.5578098898557954,0.4883583741359274,62.0,39.1,41.1,25.0,1.0,柠檬,惊奇
3702.0619194752803,1.2722279209188143,9.347734542090636,0.0014727343782482,4.752116226797528,90.28487754089684,0.8863532311069119,18059140.122416515,1.0093983067944081,0.0,0.0,4.442381530078154,3.1033997284004884,152.5613862026278,0.6720881404320437,0.6466354207992248,0.513565504644363,0.24160122405406642,60.993319602890914,39.1,41.1,25.0,1.0,0,温和
43.0,0.5443896788235829,11.227572149992223,0.0103177545079712,10.4856897235491,8.437261363669192,0.11404577593926639,19010922.0,1.9317833869150587,0.5692113462077038,67.57404207804699,62.03020434979032,3.8237303632101782,84.48887700124838,0.26639986441530294,0.9885218275475416,2.2382663655639954,1.0780093053191089,44.3,52.5,41.1,19.0,1.0,0,惊奇
1973.3830444606006,0.29109305305286126,11.23335240489782,0.005382335425808828,9.713700235026705,5.638406693854192e-05,0.14675844529011461,18955505.794006996,2.903269771937433,0.2761616145684455,125.75776327459027,36.90788763210261,3.204239381670343,164.40954838286058,0.23260144799806617,0.27235175098553693,0.7251567797826475,0.4869265761612978,45.512492887967234,52.5,41.1,19.0,1.0,无香,焦虑
117.48071448225372,0.3895898284579001,11.445000938152296,0.006169175078181076,10.706895450406757,4.794196680277327,0.0815694967231999,19020923.0,3.0,0.001742930782373239,116.04393850460858,105.5502923480082,3.5652456211742822,154.77663544146048,0.17995098952675018,0.4112635561762772,0.5830893523532418,0.7883683358754802,44.3,52.5,41.1,19.0,1.0,0,依赖
6992.4112865702555,0.1397324735572338,9.313487168651957,0.0014764719409302,2.866933429007489,91.72499906134946,1.2085917846670142,19998828.159452632,1.0721762989670658,0.0,0.0,0.0,2.8,164.52066155374843,0.694604659444118,-1.2354351895072688,-1.2398269766257164,-3.0,55.1838125904595,44.5,73.0,20.0,2.0,0,无聊
98.57734699436378,0.39657820201731214,10.726475302467772,0.004439867806410982,6.089289031576807,2.832432228904379,0.1489303921519609,19997372.49421184,1.8680019645885175,0.05593290063915756,52.740810712611264,29.955206452055503,3.7184377901039274,76.24533333,0.34315952463651833,-1.25,1.6952842516625202,2.693751623937773,55.7,44.5,73.0,20.0,2.0,薄荷,惊奇
14980.602147604626,0.15628875181834198,9.148141022807492,0.0027180171260820993,4.394556976404923,132.55597170418267,0.9680219036099778,19020923.0,1.0,0.0,0.0,0.0,2.9854846091152996,156.15107540702226,0.6682840021112517,-1.25,0.33217386687593564,-0.043969407399822,44.3,52.5,41.1,19.0,1.0,0,焦虑
326.5701986372344,0.13414534189964034,9.163416499916961,0.00210314367688433,9.356355202220692,72.53201722645669,0.6470881595803148,19040689.46295154,1.0,0.0,3.6993626009895677,1.2115607725195783,3.394085950895268,163.70711389393287,0.5476095130283826,0.45419848709241406,0.49744464086065315,0.6115700929265915,44.70035620485607,52.5,41.1,19.0,1.0,0,依赖
751.6645306749128,0.40222474742233943,11.453595553938174,0.009970957008540731,10.550979464940154,0.0003637140011958,0.11037514982966676,19020923.0,1.9676532445786605,0.03934331723213341,77.826490644802,59.84438698206936,3.905597643401946,77.36789093402737,0.276957750154066,1.1313976368857377,2.1878337374013594,1.1165282461941246,44.3,52.5,41.1,19.0,1.0,柠檬,敌意
15211.300523243059,49.71261171904908,10.198204898990548,0.0033012074820668153,6.277011921978582,15.015937455470848,0.7289826888821387,20060696.198011182,3.0,0.0737281192491856,253.71747336659027,82.53945193560851,3.009528915786021,162.86046235891789,0.6747837039305206,-1.2292368715871098,1.2048507783791607,2.5,55.92395886882866,44.5,73.0,20.0,2.0,0,敌意
14632.02108069118,0.39269184948244396,9.16334782118042,0.004352717415463989,14.795864261854787,229.94741059554312,0.5971599625361225,20181120.60397929,1.0,0.0,0.0,2.7822913330397183,2.929640705240044,147.29447708399857,0.5602259544615311,-3.0,-2.844797314498364,-2.9558354234186237,55.99385146967885,44.5,73.0,20.0,2.0,0,无聊
19035.0,49.71261171904908,12.102511532384982,0.0131892889890811,20.03867944141061,6.478773589701123,0.18804426763521326,20010923.0,2.0936113999640047,0.10058588157019285,174.86335727374978,105.68143353293915,3.228060155051551,192.0033333,0.2624769390295748,-3.0,-3.0,-2.6965233639015342,55.873989235285784,44.5,73.0,20.0,2.0,薰衣草,无聊
16066.75429427042,48.42384355294024,10.97934234242758,0.009568422905635022,16.444918305628036,26.46147034646194,0.20432678826781317,20010923.0,3.0,0.02370921646231373,163.06307751296367,114.8455541092728,3.300697035533889,141.91123596930984,0.2211541106909803,-0.5,-0.8172208077338241,-3.0,55.7,44.5,73.0,20.0,2.0,0,无聊
2827.785196166838,0.3871414329695232,9.147476298678376,0.0019786557049263826,15.763101236925266,140.67610477970572,0.6301484322943427,22773303.125399902,1.0,0.0,0.0,1.7010572761336846,2.950062575367993,164.8457409012537,0.584993884665859,-1.1735747153846252,0.18045656801858928,0.6300962752586896,62.68053964775068,65.0,52.4,20.0,2.0,0,藐视
411.24510213443403,0.6468856420211188,10.796347911942775,0.005473743781713967,19.247773480227277,0.0002591496039805,0.143658529241167,23011021.0,2.18105103229398,0.8599999999999994,93.1708343384746,37.2576496961512,3.7068,133.29921368156366,0.2251851316495877,-0.5156573105379697,1.75,1.4928373970609647,62.53695226242059,65.0,52.4,20.0,2.0,薄荷,无聊
8154.966459926271,0.8411904097007972,10.049609311790924,0.0015548730701822164,2.013789564052883,0.0002591496039805,0.8122039629756803,20258027.498449177,3.0,0.10510930264064619,272.75476119558004,34.108846406069766,2.9964166475416585,154.7028763418244,0.7530744244417058,-0.9961018356924826,-0.7968964706845105,-1.8235909330382192,55.97102494545998,44.5,73.0,20.0,2.0,0,无聊
2251.7115996750113,0.1301900416967844,9.147476298678376,0.0018427454913110743,4.844199329050018,92.23424996817903,0.8772945900374832,20010923.0,1.0324330788542833,0.0,2.7375826164745374,2.9539962179354746,3.2428460156071677,155.37037068203128,0.6249265970874629,-1.2766014916227308,-1.3521746472912544,-2.685484514984846,55.7,44.5,73.0,20.0,2.0,0,无聊
9355.125291890981,46.18394753856956,10.438132005885251,0.010300653828870522,12.404262740136105,6.373135468309175,0.3124424305660227,20095481.721536167,2.073760969666299,0.05657472332518982,163.50433181367296,72.69469023938801,3.120822390459521,99.43613610833003,0.45864126132548694,-1.4620011359078142,1.4187631615371037,-1.1403910110942292,55.7,44.5,73.0,20.0,2.0,无香,敌意
15108.0,49.8694536721691,10.568970868021713,0.0015852669106051764,3.5857159677502675,21.674505823003727,0.4021781502070072,23032930.34456181,3.0,0.07285498241902039,166.58236227246445,122.7387588561748,3.1352525010612906,153.89722199427828,0.23165054559333725,-0.871952010884907,-0.45548340905016294,-2.6459687954208992,62.7,65.0,52.4,20.0,2.0,0,无聊
15108.0,1.3170134559257296,9.149244435587185,0.0023113738512608455,13.190290544392909,121.97177071245243,0.5007927205025898,23091000.568776786,1.0,0.0013623132817049194,0.0,0.0,3.284675460563776,152.531812133376,0.5177927546599677,-0.8472901914588594,-0.9382128400766881,-2.014796352425873,62.7,65.0,52.4,20.0,2.0,0,无聊
10993.944810740422,49.8694536721691,10.886533711858057,0.0039790957034548866,15.776526263953954,0.0001071034886654,0.0952003692635328,23011021.0,2.0204671765235163,0.5603482948401732,78.11285386261295,15.403262199818458,3.9425658403130632,95.72417568905743,0.21326733592677766,1.9483555709702083,2.7160508006715616,1.143379613221372,61.50759394236688,65.0,52.4,20.0,2.0,薰衣草,乐观
15079.130204248588,49.8694536721691,10.740382555595334,0.0018939157526553004,12.668540384808136,0.0001071034886654,0.158811929343651,23013787.625309333,2.9219099507063593,0.03259102390236188,229.35085464907488,95.91777361752395,3.149258095545355,155.9175,0.24556369431727634,-0.351590573680051,-0.08140784508812043,-2.012465325160446,62.7,65.0,52.4,20.0,2.0,0,悲伤
739.8924305477342,3.246607079998655,9.14766039724254,0.001766773708246678,10.094644990522955,382.8842393107904,0.8294235402556721,24011009.0,1.0,0.0,0.0,0.0,3.286821500308384,147.34616054096932,0.6441860123956432,1.481029684182269,0.9609092622540161,2.25,38.14934060974312,65.0,62.7,23.0,2.0,0,乐观
487.383902094405,0.6596091270627239,11.366816352634348,0.0125826515437555,11.304256472411213,0.0001071034886654,0.11133029703399697,24011009.0,1.940300890345118,0.7299999999999995,70.21826620875974,72.44166517219857,3.9645899702060317,79.9366959842599,0.18672340352494646,1.4418178107348947,1.3260377757607493,2.081068637936408,38.20241869523067,65.0,62.7,23.0,2.0,薄荷,惊奇
4979.688783782003,6.9919212450774975,10.31662750421054,0.0014636714177903,15.953008590164844,15.02119927490262,0.16962579550120202,23011021.0,2.970376337720266,0.02184834631721126,253.62459124645042,46.0542026079694,3.127567568,155.56953534998453,0.2868329689526668,-0.6227926799697694,-0.5123912408020852,-0.7684057424189611,62.7,65.0,52.4,20.0,2.0,0,悲伤
14824.728285255273,0.1302096664871471,9.14766039724254,0.0014636714177903,3.4473363088670714,103.86871975055885,0.9238436532377196,23046282.305071905,1.0881067862029041,0.022490638399062367,0.9377675441969637,0.0,3.127567568,155.9175,0.6287443651312514,1.865033073467396,1.529584251703495,1.8914065252450285,62.691476526534714,65.0,52.4,20.0,2.0,0,乐观
12587.235189037598,49.8694536721691,10.703512760045239,0.0019295543558940425,4.242266431975825,9.20493783287755,0.22086989226983209,23011021.0,1.928017378678011,0.2930863403022017,112.32498173900576,27.426883269794317,3.3927313880368124,109.05922310535934,0.37982799224561864,1.4241441633573695,1.881460546931729,0.615015379315279,62.48805712390845,65.0,52.4,20.0,2.0,无香,乐观
1829.6955723410567,0.5390322083200564,13.408335426713345,0.004016948797768947,11.630289066501662,0.0012903990669532,0.1496914216706731,24065765.38725213,3.0,0.2860576906937807,566.5751245084009,343.9914547418936,3.278173240603143,684.04776,0.19877668374266838,0.17320820728570901,1.037188422251914,1.8450228743610826,38.1,65.0,62.7,23.0,2.0,0,依赖
1876.2869173582908,2.0966869902810337,9.147884395252207,0.0014661433723963,3.5264006713208276,96.08848248551823,0.9954232092683041,24034201.958561428,1.0241070844305102,0.0,16.024938482760763,8.769558380783968,2.9881559544883087,143.67258168078428,0.6651176625619206,-0.75,-0.744719884059229,-1.1171712793179576,38.34368004561308,65.0,62.7,23.0,2.0,0,无聊
119.29981792420419,0.6750025286275008,11.796322411167285,0.012959312976196789,11.04238957569331,0.0012903990669532,0.14418111783770807,24011009.0,1.9676174974959546,0.496234290674154,99.13117330284103,56.87775810434661,3.8192672930674716,81.69047619,0.27475132586748774,0.07602776431539003,0.9573532353685533,2.5289470574260964,38.1,65.0,62.7,23.0,2.0,无香,乐观
803.5720689316704,0.1301337672136479,11.268090805132266,0.004152016584711553,9.324474703572577,4.585218734739114,0.27489700677055023,24011009.0,3.0,0.09893422675195192,176.1791096067,110.40026207921866,3.745081862800968,160.78641409263597,0.40315959933369755,2.3050237936574525,1.25,2.645971111900669,38.502068497236635,65.0,62.7,23.0,2.0,0,乐观
15296.189734095704,0.1301337672136479,9.35278671856571,0.0034369079196736214,3.7952432239444764,101.68277938985497,1.082454239762204,24011009.0,1.0896518816178797,0.0,17.311054937516,0.0,2.778738088063714,145.56470928183336,0.6680329020900023,-0.3157528328777488,-0.23899860421558294,1.0414032362967758,38.1,65.0,62.7,23.0,2.0,0,依赖
10425.348482189895,46.397393975013784,11.892804666269862,0.0217954884899497,12.522619767785732,0.0012903990669532,0.19173807433008658,24011207.055446755,2.017264534255842,0.08232494961506467,109.17606471361178,70.2358262011452,3.3489042939813003,97.93550645256248,0.3228793099862327,1.041525167798488,0.5192377636299803,2.054075469189036,38.1,65.0,62.7,23.0,2.0,柠檬,依赖
15444.0,47.28573822568108,11.53181736649882,0.006858695842643931,10.450203086711564,5.695293193073099,0.24505775233078148,24011009.0,3.0,0.07898653732653776,212.05260814715075,139.8270074844721,3.0907595075534133,131.01237534755887,0.2693403614686458,-0.28614343411688004,-0.2152589882578793,2.8217893370468192,38.537507104650146,65.0,62.7,23.0,2.0,0,依赖
43.0,0.1301337672136479,9.147884395252207,0.001688538135459064,6.144003229843563,187.13430667799005,0.7441325686545693,24050283.08339716,1.0,0.0,0.0,17.806848855194666,2.9706068331377975,161.60621403478174,0.6242762463697148,-0.75,-0.6373625731978712,2.1429840710078882,38.1,65.0,62.7,23.0,2.0,0,依赖
408.33682123472823,0.1301337672136479,11.819522187998711,0.01197728387679706,8.356091297541765,1.7178521603570005,0.13227384591015692,24030366.26281301,2.0044505985794334,0.0,80.20170867937728,98.54130117118656,3.651177265804534,91.82742170183307,0.2377160257948731,1.3465341100104873,1.25,3.0,38.1,65.0,62.7,23.0,2.0,薰衣草,依赖
2371.896311937787,1.0785160767785098,11.52928837667753,0.008044211925428342,5.266371658322449,0.0012903990669532,0.1031826734334178,24079004.6985989,2.8982024451080757,0.2840197731409088,124.55167514108483,110.18408908507523,3.1198730978680254,138.4116445147152,0.18380771865076254,0.6308396052547138,0.6869969641251281,1.5172674201274075,38.463093270694465,65.0,62.7,23.0,2.0,0,依赖
1232.5364763618225,0.1301337672136479,9.17310123477846,0.002386948973272712,3.4451938880609587,116.86529313886268,0.812830752727785,24955792.035859928,1.0770533420239299,0.0,20.71016435209178,19.025234410027426,3.2961860951256394,154.69024154027156,0.6799392104348114,-0.10537330003072393,-0.747318447811101,-1.0666497855002157,51.340804234631086,76.1,55.2,21.0,1.0,0,无聊
43.0,1.3101568503585197,11.860597534500812,0.00833697548728238,6.566790569429999,0.0012903990669532,0.14328836981782184,25011012.0,1.9376951383137315,0.8700000000000045,75.31964977920639,89.06853879403218,3.4648875262577925,109.48415768392847,0.1902006577014166,-0.04497125128574002,-1.5,1.5227201327521984,50.97784507909866,76.1,55.2,21.0,1.0,薄荷,依赖
1295.5189091479656,0.1302085040621808,10.57070149370134,0.004951205905373032,5.127652519442579,7.972408680246717,0.18931959256459782,25030787.75428321,3.0,0.3637186991829198,120.97796557537433,68.16651238910646,3.0274641388374426,144.20169673205206,0.2978184977160644,-0.12713452658922075,-1.5,1.9757331133878449,50.60474979768727,76.1,55.2,21.0,1.0,0,依赖
5589.531225643255,0.1302085040621808,9.147930494794153,0.0016893755598448217,1.1724448203938618,101.4772743656541,0.9950644625214158,25046407.424561318,1.0,0.0,13.15973488255472,0.0,3.0899266007578694,154.05764438323158,0.6953940958651964,0.3030688224554334,0.2788446193254576,2.1523413782932628,51.39530152303878,76.1,55.2,21.0,1.0,0,依赖
84.59163175265064,0.1302085040621808,11.38401825659342,0.005671486056500613,2.0462155609076857,5.5734236118626885,0.19739612161418965,25011012.0,1.8115619598108736,0.28885392516343295,62.212072790170524,12.302929273890157,3.792912921064872,81.7113711633187,0.3019924659188115,-0.06911099129067402,0.16502210830826086,2.5733067793312387,50.561238079735574,76.1,55.2,21.0,1.0,无香,依赖
10379.125413655072,0.1302085040621808,10.024642630291282,0.0018089137897354488,0.7101252090091958,2.167497940967637e-06,0.38230352766170017,25106866.534665264,3.0,0.0,270.2228415217206,54.900952361216035,2.964998265949032,152.50291715943362,0.5508525365819045,0.2992375468157171,0.6107809057311879,-1.137583866809663,51.4,76.1,55.2,21.0,1.0,0,悲伤
1834.7661077408943,0.1302085040621808,9.147930494794153,0.0015220319754019676,2.099738619524372,101.4723516202866,0.9950644625214158,25016181.388903223,1.0,0.0,0.0,0.0,3.004983524000773,158.4151642335077,0.699737317701672,-0.09142881264560701,0.0474354345870705,2.117112076771067,51.4,76.1,55.2,21.0,1.0,0,依赖
474.9106769643586,1.5778957583395783,10.844512998101283,0.004202084868255345,4.194353289362964,2.167497940967637e-06,0.1709474152950156,25042812.617228046,2.0624352174862963,0.6221835835140181,107.5569322035203,23.292340938843726,4.155264695324843,94.4587102060679,0.30347522359072104,-0.22100295222258357,0.27253708989488584,3.0,51.280559240957906,76.1,55.2,21.0,1.0,柠檬,依赖
1542.102980187748,1.7884440439068539,10.830192215268287,0.003092654777146,1.905682014108228,7.4611765873402085,0.3890541622629964,25090932.389882676,3.0,0.07584304990889952,272.8205405405405,45.61981536411241,3.1216026445160923,148.75846528648492,0.536114770371374,-0.5,-1.5,2.249802541998632,51.4,76.1,55.2,21.0,1.0,0,依赖
16697.617763354734,0.1302085040621808,9.215508287868088,0.004587796923668485,11.01722383552209,98.17236631813873,0.6067829329782813,25024568.846973404,1.0,0.0,0.0,0.0,3.246834739914647,152.3675218296829,0.5665297446974196,-0.5,-1.235714568989916,2.0051365350033747,50.08265712744602,76.1,55.2,21.0,1.0,0,依赖
7669.299739862331,49.81849981413946,10.745520777477486,0.004320326369783218,13.915193186362435,6.513891990586611,0.21732600749038164,25057804.054970603,1.8345198233889815,0.09313140675468826,120.17447793872766,54.509820907814905,4.294444444,75.80511361835036,0.4454804354275762,-0.25775971837915945,-0.1921637332118214,2.0264590097728505,50.948944375067256,76.1,55.2,21.0,1.0,薰衣草,依赖
15817.05300368146,49.81849981413946,10.50512826834422,0.0034589296933108474,7.5274926888818685,2.167497940967637e-06,0.6621879560600102,25011012.0,2.9355436971026063,0.09708299557067725,264.02617896969275,53.12611021647297,3.19738041530105,147.71310809066725,0.7135826349364424,0.575978060691502,0.5607016878408311,1.7477693795794955,51.4,76.1,55.2,21.0,1.0,0,依赖
18121.0,0.1302085040621808,9.28555295004009,0.002865545359243184,9.727847786038494,87.49191435363427,0.6051814028916922,26011019.0,1.0,0.004810293963805234,6.5741114896721635,0.0,3.2055280324942492,163.7124244850413,0.5068672789895832,2.2368356767618374,1.0,1.375246854532326,34.80266095054319,45.8,41.1,20.0,1.0,0,乐观
9678.444839410706,49.721482396826545,11.460977525109948,0.01014425116504942,11.47341167198738,0.8979526639851291,0.2244963814419318,26011019.0,1.9081124346366813,0.07872879322939838,130.57133461747782,73.20483705766989,3.6025636561186074,96.124401603125,0.33571192552750345,0.579162968580925,-0.49736219297430523,1.5596933816017242,33.7,45.8,41.1,20.0,1.0,薄荷,依赖
14528.888782739741,48.02317620821263,10.971155631633968,0.006208136632599127,9.419690283930965,0.0045171408904,0.170071932797401,26011019.0,3.0,0.5425709825346252,111.49171584711223,87.98277438999607,3.1485862557442386,157.02164397940945,0.23602577555545734,0.017682143817608603,2.5,2.2980251612237166,33.7,45.8,41.1,20.0,1.0,0,惊奇
445.04738808110216,0.1301925577626217,9.146554488962543,0.0023151062551871175,27.982769597020287,132.30171849271932,0.3560654167161609,26011019.0,1.088057460897887,0.0,9.380332010298583,4.084369842999951,2.873589744,158.2886553811994,0.44488759270062095,1.5246936379859048,1.607717521557416,0.7696330126838835,33.7,45.8,41.1,20.0,1.0,0,惊奇
512.9396907485452,0.696886221007333,10.968738914090645,0.014110448320287974,35.51076768605134,12.005161352958929,0.05116404433987409,26011019.0,1.8917068235744245,0.0,106.70667858844442,83.8084823015902,3.2483988346654113,128.80238734033782,0.07548119627717435,1.3492948901432442,0.532459431629842,-1.0525453648498997,34.128365430690174,45.8,41.1,20.0,1.0,无香,恐惧
2732.167061585443,0.1301925577626217,11.059235803550973,0.01306765483178554,36.34824622860503,0.0045171408904,0.0245654587221045,26011019.0,2.8636417751320473,0.0,122.77074953843844,85.04854981950228,3.2303634838362525,143.05579831991014,0.0449307857747822,-0.1274145210390878,1.1510626932493682,0.7525682626884657,33.7,45.8,41.1,20.0,1.0,0,恐惧
15164.0,1.3586781884320538,9.146554488962543,0.006697555406938415,11.198418872740353,102.45205994761228,0.5896648311659124,26011019.0,1.077617755719894,0.0,0.0,0.0,2.9923833648383367,154.8026241324092,0.5509688621199685,-0.044479044328398304,2.3972708594944,2.468354704836275,34.2269747842041,45.8,41.1,20.0,1.0,0,敌意
7919.774418734689,49.78150325671457,10.986690622761344,0.009810596622835316,12.488830724503606,0.0045171408904,0.2269428325491682,26020943.490332156,2.046879025576117,0.08759356828000528,65.05570791160164,71.86720477200704,4.1934839437490865,74.4787158594958,0.369742671308219,0.09576415280963269,1.8025235286594934,0.6675317016342621,33.7,45.8,41.1,20.0,1.0,柠檬,恐惧
15164.0,48.79930831632896,10.207926806510013,0.00299534258626226,5.872344324191211,7.590212075672363,0.36218383361996187,26011019.0,3.0,0.000145826569614761,202.79875,104.7059429903883,3.0163324672704412,152.0663784034442,0.43964294431971407,-0.21072223372718718,1.4794442613664558,1.236405760450097,33.7,45.8,41.1,20.0,1.0,0,藐视
825.1062070990149,0.2973600209600298,9.338143224209922,0.003665632101471836,27.667050619151386,92.85229731633854,0.36264785306133024,26032343.99945348,1.1158025220827705,0.04041466404002871,0.0,3.531817228662259,3.0724063756037907,146.41861145203967,0.3482041793908541,0.3914918997249943,2.4998641981875807,-1.5,33.73152440313511,45.8,41.1,20.0,1.0,0,恐惧
81.0,4.548608404895993,11.035867912319981,0.012806165572208405,27.16142809405477,0.0045171408904,0.06664925066490174,26050979.155695565,2.1475808487306316,0.6070717956947616,92.61258083006541,78.32105473654754,4.270025693382008,99.39435688688853,0.14320691235408767,-0.012683023252203015,1.8945323057345067,-1.3854507042285533,34.03867480582172,45.8,41.1,20.0,1.0,薰衣草,恐惧
1035.5465305039904,1.268752657693241,11.033580589524675,0.004502769128027381,27.359972517836976,0.626371917273676,0.15921948445487724,26028691.655249167,2.9711595089884995,0.411902709238044,154.61705236142583,54.05477972123485,3.1541117951494084,135.02646777775794,0.27165799511730826,0.03279542833491538,0.517956514893612,-0.2540501074416861,33.7,45.8,41.1,20.0,1.0,0,焦虑
14748.637682045273,1.376295085259032,9.168278861525485,0.006767482414278156,4.850983345833706,95.12556164543123,1.2005583542330696,27011019.0,1.0,0.0,2.6113885478394607,3.4012036818689215,3.624057958210182,157.27513456474378,0.7163740855469329,2.0,0.8037599323979612,1.8622013272601008,48.59046740129862,37.7,47.2,21.0,2.0,0,乐观
9196.571165785532,45.58812821235933,12.481022658091472,0.020600244199316647,9.68831363078172,4.916517722608034,0.2328406027519095,26995083.915810887,1.874701981186257,0.07856303786272549,74.11341424753863,76.13527835917783,3.523298004567284,84.0781067371824,0.39838931412668144,0.8141399442917876,1.4853339898027451,2.5,48.7,37.7,47.2,21.0,2.0,薄荷,恐惧
15414.860776749456,49.09418208009927,10.960492257808433,0.007078353224456288,6.364536968509166,0.36515722143796586,0.3271892033136265,27019266.7701309,2.8646160113148667,0.13071189047209006,149.93785321251693,118.08471062751676,3.0265997540068676,146.74789666774288,0.4689682918842455,0.8716946459755631,-1.0,0.6327280190985362,48.563022570551915,37.7,47.2,21.0,2.0,0,温和
15599.0,2.272602122949876,9.14806766149984,0.0034535584527885,2.9903067554437937,121.41774261884811,1.032448688367397,27027859.0106074,1.0559140520579517,0.0,0.0,0.0,2.9995942849736617,162.96707609292795,0.6913603792346433,0.0112668217561231,-0.07740127199406477,1.2463545410846733,48.42569329793582,37.7,47.2,21.0,2.0,0,依赖
10934.071265677192,40.04295244920717,13.573496098915838,0.01834367892323948,8.577041008920359,0.0135791169636891,0.3550211156678849,27059243.825520072,2.0091962397285275,0.05209436037088657,120.81267535608099,76.43341703923565,3.466053728897626,98.5556316286158,0.45143356469696205,1.5,0.7124196130248207,2.5,48.533644477444746,37.7,47.2,21.0,2.0,无香,悲伤
15043.464968379478,49.09418208009927,11.965443004743227,0.0034535584527885,5.027702382338365,0.15775922277993834,0.966124161305475,27011019.0,3.0,0.09893345187566571,205.3006818181818,99.42064761313425,3.4594103645510423,159.0973006204816,0.7614525445819671,0.6082712616312458,0.41724545364865107,1.1287833332942152,48.545538175667296,37.7,47.2,21.0,2.0,0,依赖
14433.386137178704,0.1302230291392127,9.14806766149984,0.005093609104846189,5.154814998011653,88.02674912830044,1.1335783940318354,27011019.0,1.0467843293710395,0.0,2.192486173022483,3.726116215348439,2.941351351,156.09216889063566,0.6982632623795204,-0.4844402720925112,-0.748028135796196,0.42826822050169194,48.59846003023001,37.7,47.2,21.0,2.0,0,依赖
9862.39360342623,49.09418208009927,11.556584419771692,0.005283592309433922,9.79844527120803,0.12768929428655085,0.4186894296368627,27011019.0,2.1272703236805555,0.09911074884704951,101.77520482724096,76.32061850598178,3.7684550766754796,104.76625508770262,0.5945112749151118,-0.9662981269983191,0.33213632874073945,0.7922159174638664,48.54350317454146,37.7,47.2,21.0,2.0,柠檬,藐视
15342.67824022862,49.09418208009927,11.492143979751765,0.004161915679433267,7.688301435746218,0.0135791169636891,0.6476705578649429,27057678.235214595,2.9922436902945555,0.03799660624272466,191.27242350687538,92.72135156221333,3.428435049776518,166.2361765,0.7781845693095091,0.6895999985228073,0.5939383318727958,-0.5,48.52549548923673,37.7,47.2,21.0,2.0,0,悲伤
1644.5977583921022,0.1302230291392127,9.256654778214163,0.00419031598023619,6.766583748160635,91.68633471966452,0.76707709340148,27017429.54482555,1.0,0.0,8.393252016513705,0.0,3.258745711961742,156.35054220700871,0.6510283658596921,0.5964000001282442,0.25998547015805756,0.7674641709412325,48.60508489971544,37.7,47.2,21.0,2.0,0,依赖
287.44514196055866,0.1302230291392127,12.002324882934168,0.009439399855532516,14.897048766811611,3.8493874376397788,0.2755297299520398,27048139.80091563,1.88759818915295,0.020983256913925098,51.692343504528225,41.67881441847167,3.8655517554304866,62.11875,0.3942095182062468,1.082503006133585,1.25,2.35882708567209,48.7,37.7,47.2,21.0,2.0,薰衣草,悲伤
3661.883698389566,0.1302230291392127,11.274935580652588,0.0034535584527885,9.434341060518802,0.0135791169636891,0.4249124083412329,27048105.384682782,3.0,0.09134641155606799,158.97052174765048,91.9943765649784,3.1653147077576107,154.6727659856133,0.5573430137911624,1.0176799637556928,0.5689663269422237,0.008080218858828163,48.7,37.7,47.2,21.0,2.0,0,惊奇
1068.2317608614974,1.1320616181988634,9.396410770864692,0.004932484932534565,5.360150000655076,85.2706684223861,1.8641882042700482,28011022.0,1.0,0.007744366800083568,5.23356071614363,0.0,2.9618878518779583,163.63178385435583,0.7244374557615857,-0.13911884662163612,-0.497406035588987,-0.0639141740788672,45.297023983307426,47.9,47.2,21.0,2.0,0,无聊
2282.799073500286,2.354173383553257,12.824337596267995,0.005245942695775363,9.204352008356903,0.0135791169636891,0.4425561741300313,27943887.33249574,2.035279037635949,0.5300000000000011,50.38436875915105,13.821615933423317,4.022658441124827,70.9101477322716,0.5282833668505521,-0.849103174925958,-0.25860165384224215,0.13199634864166462,45.44887068341511,47.9,47.2,21.0,2.0,薄荷,藐视
1361.9815803555584,0.3747856611758124,11.863482627132615,0.0018766637915273463,1.4960720732788273,2.592735166270778,2.2684489958195724,28058518.470892854,2.993627446116079,0.003962144296673001,199.75988979329992,120.45215561307624,3.3185644867071655,145.04682777258083,1.5105549710830757,-1.0,-0.1982387262993282,0.25,45.2,47.9,47.2,21.0,2.0,0,悲伤
9999.0,0.13876838515214945,9.201221264761825,0.0035556872796662477,0.7543971075158864,144.21498538827072,0.1757970168492535,28011022.0,1.0,0.0,7.414955294372096,1.1250522895993516,3.4195515182814153,156.12291253658776,0.6973297769277442,-0.7716636931367022,0.007721755991597631,-0.2225482109405111,45.18689347636202,47.9,47.2,21.0,2.0,0,悲伤
1766.144318997357,0.386725936795077,10.56349660426558,0.002143573513560023,4.167170342081562,2.730069049058409,0.3709717267031422,28011022.0,1.9292006815660472,0.004655899848502294,155.3174645626753,33.471250413056765,3.367832256237042,106.29548162438316,0.35894002647022527,-0.8478525991877128,-0.2568449240224215,-0.16808585212636676,45.16867185224284,47.9,47.2,21.0,2.0,无香,悲伤
7563.657399840086,0.40098697468746364,11.410850443572865,0.0016835184698041163,4.6027674675970385,1.893576588035283,3.2644872509305367,28043489.729225267,2.955731507697433,0.4510646438471844,272.9457996381575,0.1460946800015881,3.528214286,278.6483929,0.4512471603137026,-0.7208553384201578,-0.714291824208701,-0.02338143910852279,45.170168244086675,47.9,47.2,21.0,2.0,0,无聊
3099.9890608996066,0.1302036776194172,9.148825742026492,0.0013381954551449,2.520011068568284,83.17974392127823,8.25138063115052,28068147.769403446,1.0,0.0,26.754744774304783,0.0,2.990540541,170.17877765323686,0.6712794824757066,-0.5263069004375045,-0.028099952628282476,-0.2658580249495266,45.2,47.9,47.2,21.0,2.0,0,悲伤
402.0535503663649,0.40365848873953436,11.3956474289883,0.004076033847315924,3.050266562729205,2.3906620590080885e-05,4.279797118256131,28037066.66788643,2.0818152245495516,0.3765737463555931,99.4165516087426,20.258645110533603,3.3808840285168777,110.97377785134678,0.3652211688465963,-0.2859388307049954,-0.03987080738468127,0.0433782945093968,45.17357049559858,47.9,47.2,21.0,2.0,柠檬,悲伤
4564.511864399029,0.4061162786814375,10.142080004715977,0.0026232902662437535,2.181066935767646,2.3906620590080885e-05,1.9477804914495471,28057833.426381633,3.0,0.08152598639304262,283.95254901960783,10.001979303014958,3.1568913282337343,150.69576519295276,0.516437846820856,-0.7810793380027908,-0.21583260005319968,0.012989608160412053,45.2,47.9,47.2,21.0,2.0,0,悲伤
903.6491578007461,0.1302036776194172,9.148825742026492,0.003574860184097563,3.9454549835000874,89.7048494789662,0.5289238477954026,28018615.560298808,1.0,0.007191029193329208,0.0,0.0,3.164966229306993,152.56895701441712,0.6442453795095296,-1.0,-0.4939444894037362,-0.04789846026327707,45.17489634872117,47.9,47.2,21.0,2.0,0,悲伤
532.4917246121119,0.40431975280002486,10.471303370196734,0.002153330122632084,3.473466962543688,9.103530894265571,3.608715982602163,28063032.63949477,2.13159601019086,0.3388748477106834,155.12654516665415,78.80192000638435,3.4374574308651655,107.30975050638403,0.5748949421037782,-0.06043549406912081,0.029389937626003608,0.0037535401464597216,45.163441000614114,47.9,47.2,21.0,2.0,薰衣草,悲伤
8077.110862614698,0.4036515331113731,11.011626195026928,0.0015497349325050828,1.4508072342348024,2.3906620590080885e-05,4.429387303688142,28048340.10040955,3.0,0.07765406728140953,207.29462137661096,111.18010905627214,3.1931961140184244,164.64526830008597,0.3950961873159079,-0.22627156502469126,-0.5190028495802506,-0.19569270315663034,45.2,47.9,47.2,21.0,2.0,0,无聊
1259.427793376935,0.1367055164051359,9.223550197196044,0.0013909159149219582,0.2694418894384254,128.66136914236122,165.2822289082823,29021026.0,1.1422729897196622,0.0,17.83050665181667,0.0,3.1516992266348125,158.8191553017057,0.7491150703138435,-0.4910051166158475,-0.24400632071950892,-1.9611504937420214,44.3,42.4,45.8,18.0,1.0,0,悲伤
29.0,0.3737716165679817,11.004780326622043,0.0047736203296229,6.2570058000156115,0.30637425677841834,3.901762609287567,29021026.0,2.081938885953694,0.5986339542761038,89.21877501146457,61.96699857185446,3.4669070109178004,78.89869565,0.32808628387695743,0.9835147837619206,0.48557436626313666,-1.1199883576592842,44.3,42.4,45.8,18.0,1.0,薄荷,悲伤
2201.8794653981345,0.6253864753944006,10.776451981278408,0.004239724991568659,6.883715360018655,9.121143217674533,0.3498536858503561,29021026.0,2.923721804487504,0.23803621274092931,175.5142300617086,125.17234436771619,4.006774194,158.6305750525216,0.4674609839033101,-0.25,-0.18828303429831555,-0.5355660064681708,44.3,42.4,45.8,18.0,1.0,0,悲伤
15034.0,1.3407276069179055,9.328160368858445,0.0029523649831705774,5.570773295232341,92.58280735477294,0.8364415340563925,29047195.02171223,1.0501796937151802,0.0,6.252659532103956,0.3269362373073424,3.030177009620539,144.42003544028432,0.6158293151569413,1.5,1.5,0.5,44.3,42.4,45.8,18.0,1.0,0,惊奇
9757.479420272513,49.04403439213463,11.412332032013268,0.015544196932663817,6.199134573334105,1.2520990738124593,0.2517660154238373,29083344.497117523,1.8167254444515173,0.07948734182013913,78.37263163073075,81.71638578202797,3.795079012732589,90.70123267300207,0.3206073483261139,0.9658871039542773,1.2544992289863122,0.03467902222316773,44.3,42.4,45.8,18.0,1.0,薰衣草,悲伤
14897.110009866177,44.85466707189152,13.053652575691222,0.013308166374647904,7.126908511452628,8.012042482442268,0.32213942916730137,29076679.592289366,3.0,0.4878336383762141,134.05608431983836,77.44880821237986,3.486874329833838,155.72364487737676,0.30196719729624943,0.504249956367518,0.7852666811610441,-1.058315910627987,44.3,42.4,45.8,18.0,1.0,0,悲伤
14700.491479584995,0.1302146515798651,9.148683866604696,0.0018437258566282298,2.3890497537944513,160.97637620861238,1.0829070699508676,29974276.06427852,1.0825203653109186,0.022351628682486357,1.520382309919038,2.813980981258367,3.1555201272100857,154.53547514379463,0.7007454779316282,0.43608513689401684,-0.33347366318166155,-0.8932118771616878,54.9,69.4,50.5,23.0,1.0,0,无聊
15034.0,48.968180897538126,11.916434591282641,0.00935339419952117,5.778843701534169,4.79642361244204,0.23383317719522548,30011019.0,2.094736100473196,0.6782951290955941,116.06376458444169,75.70161578392177,3.2634616551646114,151.4766690887659,0.23053490244522878,0.9946280565748472,-0.9538944240414757,-3.25,54.9,69.4,50.5,23.0,1.0,薄荷,无聊
300.0,0.1302146515798651,11.86823329604397,0.006821576103934732,7.2723151077477395,7.377669634224316,0.30785644598618656,29021026.0,2.939902772483845,0.07403051465782906,174.4696845638638,59.52564084890399,3.2900348941325137,162.9580645,0.4811158055313096,0.1068468956518345,0.058417502210899024,0.5,44.3,42.4,45.8,18.0,1.0,0,依赖
2510.116890018603,0.1302146515798651,9.237797138049293,0.002387442737764904,6.201944528585564,125.38243686675375,0.742248855622198,29077952.58542762,1.0,0.020443592712138955,0.0,3.9903526006005112,3.230602996251138,154.18642351606061,0.6066750172900246,1.0210388588749177,1.5,-1.0508406283328378,44.82160041249946,42.4,45.8,18.0,1.0,0,惊奇
1008.8597236450464,0.1302146515798651,11.33931306364892,0.0064227563794798164,7.095354502577427,8.608038549444585,0.1726931117251274,29062154.05002114,1.9908380140861421,0.7589230505181926,59.66491863627153,6.073813510236937,3.345969944735146,114.41104850957245,0.2753923434796371,-0.25,0.575952736625607,-0.9462154625068714,44.43801959161184,42.4,45.8,18.0,1.0,柠檬,悲伤
16256.616176806618,48.63638277743514,10.105078954616312,0.002329338154596733,1.8139761395728162,0.0011603101552811,1.3457113141810275,30143823.277553637,3.0,0.060886031526947076,258.7269442840608,77.6247344078888,3.3311323797458035,166.0137838,0.7319427139747118,-1.1830445658264743,-1.3835742185770146,-2.2941344191393918,54.92080251541576,69.4,50.5,23.0,1.0,0,无聊
3761.968532200266,0.1301169795147601,9.161839254268802,0.0013879609192803,9.793084674333105,96.8060849361951,0.7608748470519109,30011019.0,1.0,0.0,9.572731865645801,0.0,2.912361454947885,149.44146942096336,0.6292983800307995,-1.1104732614152906,-0.9115952397449458,3.4662170186653554,55.137380200340374,69.4,50.5,23.0,1.0,0,依赖
319.0,0.22425666559136787,11.039599706076624,0.006099985796741949,13.132079445062628,3.227306801139386,0.1140390241007504,30011019.0,1.9316204773892263,0.21938352344983553,103.74934008472098,79.80437604993739,3.067103930135231,100.10840734107201,0.22279481300226994,1.6747872618820863,1.619612440050644,3.733083161094942,55.100666778277926,69.4,50.5,23.0,1.0,无香,惊奇
3185.9027690725356,4.272562291082342,10.337062192700838,0.0013879609192803,15.646156770270599,2.396537779955423,0.32704546326060835,30011019.0,3.0,1.480000000000004,108.63655268326042,12.52761041115821,2.9126429546002477,156.3789824494312,0.5990742608541226,-0.7637710542473631,-0.8529209294245298,1.0288872829866338,55.185642463089735,69.4,50.5,23.0,1.0,0,依赖
15774.956347042817,0.1301169795147601,9.181496602602026,0.002164303719272032,-1.8492003214881576,124.54177341784916,1.2987881779418764,30011019.0,1.0,0.0,18.915675443772166,0.0,3.0037695996801688,166.0137838,0.8134185788460943,-1.8190118416239787,-0.4124021237353965,-2.2155061135397394,54.9,69.4,50.5,23.0,1.0,0,悲伤
11602.898024543983,48.93704284191018,14.862559067816536,0.010961641780296516,2.490039627207813,0.0011603101552811,1.17896574522927,30085131.5862983,2.0151774915742307,0.7519932595858388,63.448655248490354,56.51631579560075,3.3159884446267505,115.57878904713493,0.6846625849875092,1.351051040353551,2.0311494427382426,2.044990469525839,54.9,69.4,50.5,23.0,1.0,柠檬,惊奇
16286.804667974704,48.91399064204716,9.426378873463173,0.00227326607582482,-2.4015987963458363,0.9636016815714332,0.73033372790536,30011019.0,2.9142522296020266,0.05017917764857482,288.97392419578466,45.55105878603705,3.619234633897804,153.62906545008028,0.5130698283302356,-1.2275512691430366,1.244994042783084,1.2442875454314961,54.98044635582794,69.4,50.5,23.0,1.0,0,敌意
14642.803317799588,0.1301169795147601,9.146902099469155,0.001998123422049685,5.520893621845864,92.3343925286543,1.00126487819943,30088614.387124956,1.0,0.0,0.0,1.625169808209684,3.192087195136222,156.92094427790954,0.6852685075959987,-1.0414541464901936,-1.1377541719605677,0.7875038662035316,54.9,69.4,50.5,23.0,1.0,0,依赖
11172.709119260639,49.867245405446816,11.40517279722792,0.0155163205724409,9.827324852647742,0.0011603101552811,0.13306903697047934,30100744.334954474,1.891590936676382,0.8026215475719624,83.73943738351929,20.029303421195408,3.67084158169935,115.16829082731472,0.24842588958585868,2.25,3.0,3.8480353570825603,54.90776787211912,69.4,50.5,23.0,1.0,薰衣草,乐观
15538.555173871075,47.67937202175144,9.979006445418616,0.002422993398040529,5.813801996203947,0.0011603101552811,0.42405804499755456,30011019.0,2.9177128501417027,0.04035876559043568,270.06711887423484,65.24208421677733,3.193816793683111,152.32394742546586,0.5724006715927078,-0.9959118938832345,-1.75,-2.2685862324842585,54.9,69.4,50.5,23.0,1.0,0,无聊
10393.903748158671,1.4334061082525191,9.146902099469155,0.0013879609192803,2.7747720927118915,78.08855096414526,1.1465377774999743,31935869.901880443,1.0,0.031917848509812545,0.0,2.509349362619462,3.083007320569824,158.18264969338802,0.7139245114892514,-0.780658001721207,-0.9851798839245499,0.2305653974036277,58.5,52.5,50.5,22.0,1.0,0,无聊
2010.6667107090007,5.097080426344895,11.77366772956729,0.004118859751327629,2.8091156251556204,0.0011603101552811,0.3804712054313363,32011024.0,1.9900805049753094,0.0,121.45950417560549,36.326476460885644,3.877074157475016,73.83666667,0.6710070356678356,1.9255758745064062,2.2046081332942093,1.084166493384872,58.407991519820236,52.5,50.5,22.0,1.0,薄荷,乐观
6008.989718414868,0.7877220939849959,10.51624140232051,0.0025270295652581637,2.618196567210597,4.264586525516747,0.5477390938879269,32024000.798067015,2.94576744038005,0.0933309617333308,101.82483025436899,94.95910057150442,3.217434750863326,143.3060680825973,0.6719333153261401,-1.5,-1.5,-2.5,58.11825489370481,52.5,50.5,22.0,1.0,0,无聊
14986.0,0.1302115146991709,9.169368662146137,0.006417340574696033,15.590207922170066,84.3595359081181,0.5204386657856358,32011024.0,1.0,0.010122831686038948,22.347585458167305,0.0,3.035838079642546,157.5351351,0.45966682640765744,0.1508991977602233,0.12358259080090656,1.9905370245437717,58.195098036033855,52.5,50.5,22.0,1.0,0,依赖
7640.62226072579,45.17359140688699,11.135953759353768,0.014504872017993511,16.38264626566896,4.176223988427319,0.10605063079472765,32091474.755090784,1.9928438403499313,0.11326681077984148,80.92682634407039,61.422719621710236,3.6768273070630344,76.28751186504745,0.18833640787336992,1.6469577651310516,2.5,-0.811906785806734,58.27021873007758,52.5,50.5,22.0,1.0,无香,惊奇
14986.0,48.50025047880557,11.394966093459118,0.004686854537837051,14.661969642595333,0.05062553390266768,0.16983543376241816,32069930.88145699,3.0,0.05953177356554544,226.40246814684804,110.48817723609436,3.0129457559290107,152.1036643626938,0.3454135460999175,-0.8963969043871605,-0.8556432069003737,-2.5,58.29318552323201,52.5,50.5,22.0,1.0,0,无聊
3123.817771893172,0.1302115146991709,9.144932286775946,0.0041071218130862164,7.318123629474689,89.63666805809288,0.8579956032096931,32011024.0,1.0567275896177455,0.06277219964112427,0.0,0.11996018438119346,3.3150610112243344,152.97880820281654,0.6320706695814561,0.9263001939287792,0.8403367662904672,1.574466105421851,58.5,52.5,50.5,22.0,1.0,0,乐观
93.0,3.187565698152839,10.903081609242019,0.006425454027692459,10.710973734443598,4.567625338220565,0.17433227661676068,32016547.64965895,1.9459493894948536,0.009689912673990483,113.69652950691177,44.847811209467054,4.086931656032295,67.03714286,0.2880154134042227,2.0,2.4746275938808635,-0.06701784319432019,57.90069238093214,52.5,50.5,22.0,1.0,柠檬,无聊
2044.889813952442,0.1302115146991709,10.578270676716427,0.0017007754617561648,7.057051873639823,0.0001053591231371,0.3906261132038765,32011024.0,2.96014898384252,1.1644013674103453,116.05929620541129,35.53570686200355,3.069682386917734,157.18374537332872,0.683029732649065,-0.15886281063419652,-0.03028579853442746,-1.9471315548340107,58.5,52.5,50.5,22.0,1.0,0,悲伤
5534.432341296088,0.39592425487163674,9.144932286775946,0.0039662136466488696,2.618196567210597,105.68915054164393,1.0240509734265668,32074312.78124215,1.0,0.052474600801735126,0.0,1.3457900886493934,3.2260953059663606,157.5351351,0.6799056324402803,0.9192121083588813,1.2740808445310796,0.39881008345802926,58.5,52.5,50.5,22.0,1.0,0,惊奇
881.7097609979241,0.7987557383525286,11.586364402637107,0.004876814561943976,4.328677065891348,1.8839847169793553,0.13106599942019648,32023359.362006865,2.0247094952146765,0.44424873267590875,75.9644299549543,22.599270359935794,4.112410034706262,96.97926295321479,0.2992278190269823,1.3055816325562017,1.8951623172813028,-1.2940783889405278,58.5,52.5,50.5,22.0,1.0,薰衣草,惊奇
7965.409679446786,2.2609400623837344,9.979904928594596,0.001647025605247924,5.421177072750789,0.0001053591231371,0.4271374839256639,32125058.3749374,3.0,0.021633101750713094,261.28733410034346,44.96628121219593,3.2613545574520266,145.77103681572336,0.6051359583002642,-0.2537461595778338,-0.4953785802986357,-0.09258704339255279,58.5,52.5,50.5,22.0,1.0,0,无聊
781.4669538173075,2.2153467890874525,9.222951220361292,0.005014852755883065,35.28483527972495,90.03153249933436,0.30784364592935654,32987828.104573745,1.0,0.04771117266373302,7.700154164151326,0.0,2.920540541,157.5351351,0.3908845939076973,0.7117474656510404,0.5196224743109065,-0.2764564154018346,48.077747544423445,55.9,69.2,21.0,1.0,0,惊奇
1449.2086003510833,0.6425764918617216,10.877395674442479,0.004469529309239184,40.959464140242225,5.946792730280146,0.1754922151911772,33011025.0,2.034623571076189,0.0,20.351733156758574,46.23706352839087,3.8021762937122916,84.58631601691077,0.33125298777286866,-0.6334344576063575,-1.0493475879908851,-0.7791858155507858,47.9,55.9,69.2,21.0,1.0,薄荷,惊奇
1550.0,0.837486674952467,11.470630882559632,0.0036644371217837324,37.76436204930709,3.22349675190991,0.15777374294084318,33011025.0,3.0,0.08252499742095872,80.61389290386477,15.979116940295853,3.2864799163963676,141.24929925091823,0.34576199455894113,0.4317591129921126,-0.3387750877037427,0.33841358202074784,47.9,55.9,69.2,21.0,1.0,0,温和
15202.0,0.1910231206517268,9.194594051266046,0.012981062079055972,30.636423839162653,75.88029300888432,0.3460703892381204,33011025.0,1.1925920368664094,0.0,1.0554098363344684,10.987714926070725,2.767711399199326,156.8451911552594,0.3150341661364078,-0.1391276596460828,0.5048564706317231,-1.6851553886972164,48.034388879121586,55.9,69.2,21.0,1.0,0,悲伤
8101.288886605478,42.35897160593877,11.290982017163486,0.013617115693475573,31.342586259469357,12.674920786637802,0.1298923090421578,33080389.690061346,1.9312878867319272,0.47355726305522333,53.55148398853622,49.61915262447947,3.475628272226439,74.36588235,0.2003152775428551,-0.06534234428911878,0.9725297670065084,-1.0683938133606412,47.9,55.9,69.2,21.0,1.0,无香,恐惧
14320.164159132235,36.5719478730045,11.737618016461436,0.015242980417691718,34.06385224540897,0.028542734465397,0.1375268634417065,33011025.0,2.8063832348981714,0.0,147.67574426084474,104.06132566659814,2.9352471290827773,147.34239502744245,0.21719446693725783,-0.9700595670878878,-0.341180176766984,0.8105412223011191,47.9,55.9,69.2,21.0,1.0,0,藐视
15202.0,0.8125264221502809,9.146300817532904,0.0019609168412026865,5.626293390490956,136.230585680216,0.7839930048040369,33011460.870044813,1.04227937572824,0.03387898726833587,2.4679807523875947,0.0,3.080987005810256,163.7462963,0.5914266601980701,-0.32869559393183606,-0.19793565143391667,-0.22010109363939057,47.9,55.9,69.2,21.0,1.0,0,悲伤
11487.096666808618,40.18445277917117,11.737618016461436,0.007956369505812697,37.727646214310425,1.7628582922426717,0.1423790651008048,33011025.0,2.0299124084056928,1.1473110706830145,108.26757130411609,29.735038206320393,3.980869565,112.6629879553375,0.26015539522824355,0.6159411814901283,0.7916573900268111,1.382894212700786,47.9,55.9,69.2,21.0,1.0,柠檬,依赖
15019.040917078908,47.549418299699504,10.569597778824207,0.0019591542139878,17.208603464672827,6.08181889294458,0.409543288769881,33011025.0,3.0,0.04061652134301939,250.26280000000003,80.02129868156688,3.026957326682571,163.3892868073537,0.5869695134400755,0.02466158004226166,1.5386130580521833,1.2345981140599511,48.01427245058258,55.9,69.2,21.0,1.0,0,藐视
14752.883368563935,0.1910231206517268,9.146300817532904,0.0019591542139878,10.441906666549922,84.39936695241768,0.628703921229046,33011025.0,1.0,0.0,0.0,0.0,2.9569918995589037,152.66382311323827,0.6198185788293928,0.7931764062341934,0.5384157497381529,-0.6714970958820968,48.301273138155224,55.9,69.2,21.0,1.0,0,悲伤
7627.92803383021,49.56890232402528,11.076602105935725,0.008304249242602186,12.079869003600527,0.028542734465397,0.11356387300042861,33183296.835272163,2.0068988224319075,0.17490894069241966,72.48158416637689,50.306646428585914,3.7126038189536126,85.92415146050776,0.25494873638162174,-0.7181727786901264,0.005462933906434671,-0.5640353773458248,47.9,55.9,69.2,21.0,1.0,薰衣草,依赖
14809.403970176634,49.56890232402528,11.286681863546704,0.009297660257650416,12.686970481405803,7.765517603606278,0.14109125368903053,33265274.677011408,3.0,0.30215344888018103,117.83193044858189,96.88525170860991,3.0386900721207457,163.7462963,0.2670826622789403,-0.7864239539318126,0.27548558955581876,-0.49056816951476834,47.91549172114223,55.9,69.2,21.0,1.0,0,焦虑
14523.86676010975,4.09195120412339,9.149876981147129,0.0019591542139878,5.69838153285853,131.65465919742155,0.7955424584698915,36011024.0,1.0,0.0,14.785827289248921,13.234033766630148,3.076138561725187,158.22267412421613,0.6485765840737705,0.5469632132073243,0.9708141503510077,0.9438853179193551,58.080314984133416,59.26,59.86,21.0,1.0,0,惊奇
8420.254707409364,49.56890232402528,10.811331052639124,0.012301870672317826,11.381183467980213,0.028542734465397,0.12359221506214653,35896332.79873834,2.0164902255595014,0.09907339507474786,109.46165028488562,67.07679464271463,3.980869565,91.63802432742531,0.20278833719420294,1.25,2.233950815155798,0.4690711651454929,58.48,59.26,59.86,21.0,1.0,薄荷,悲伤
14919.908681684017,46.66240203182395,9.809601177943822,0.0014743149227557,8.866106204553645,9.686265608797274e-06,0.5644261953546478,36011024.0,3.0,0.0766664024067107,236.59435703639795,74.87584317980347,3.328257182531196,150.98414879802286,0.6712529495552011,-1.0,0.0,1.737010421393052,58.48,59.26,59.86,21.0,1.0,0,藐视
7702.857806976455,0.1302085572595028,9.294884586229534,0.001833453490136247,1.9605799988529342,118.96314913538042,0.988383798366761,36092803.35751599,1.0,0.026383536232645163,10.247048361655832,5.141981468023095,2.9858899207759912,132.20617377388808,0.5166641900289004,0.007167160583338249,0.8405327249610592,1.5228008569310476,58.48,59.26,59.86,21.0,1.0,0,藐视
58.0,0.1302085572595028,11.562504317797824,0.008823937604828726,8.266803522201988,9.686265608797274e-06,0.1112688668657442,36062427.66420036,1.9227111191336246,0.0,112.02012668149952,78.7585223840525,3.7373494712072386,101.15874757356771,0.29329331466782727,0.07172930181479534,2.0236179407280015,-0.5777798220363619,58.48,59.26,59.86,21.0,1.0,无香,喜悦
5750.719031401085,0.1302085572595028,10.237594763955917,0.0014852275720623365,3.3680789963259605,9.686265608797274e-06,0.41468557520931537,36064329.35855411,2.9044554873752495,0.09375652378647818,275.69492957746473,54.37749080215075,3.0012882766982436,155.08838675871107,0.5747255489832872,-0.46705222862821727,1.0075278086218173,1.1509491477166764,58.48,59.26,59.86,21.0,1.0,0,藐视
14879.861536561977,2.5475431718743895,9.148214381005234,0.00278365134324717,7.661495441075889,103.07908856871155,0.751722497124058,36011024.0,1.1208879442466642,0.0,0.0,0.0,3.1127753586184492,160.5917237913749,0.5789035495870661,-0.3717425682340527,0.38601690756964563,1.8035748068338298,58.71881334926573,59.26,59.86,21.0,1.0,0,依赖
8445.130922827617,49.82011184647148,11.439692027962847,0.013683641806413854,12.620402430697355,9.686265608797274e-06,0.1112688668657442,36020409.27863965,2.066149201212504,0.25182452764037755,92.78410592761992,73.40980467069565,4.567673491712991,93.38323183779715,0.2573059904112808,-0.3850812193401668,0.7814426693215336,1.0530725401937562,58.90993537870704,59.26,59.86,21.0,1.0,柠檬,喜悦
14160.728704005045,49.32695379676423,10.966678587168932,0.006992665232952734,7.442808747644018,1.189438722244182,0.1112688668657442,36123411.76444713,2.981479121289855,0.09498512366125672,199.9649121129464,100.15764318207817,3.142156667875831,144.3124565409959,0.1981834958961783,0.22351377106721254,0.0164786128542122,0.8058315441680424,58.48,59.26,59.86,21.0,1.0,0,依赖
9909.050556343596,2.244814543944119,9.185210500904397,0.0020458442603097596,0.9676622630480288,105.42557231990716,1.288988983463985,36017986.07460717,1.021499790099304,0.0,0.0,6.1727286134000074,3.247664630384342,156.3016166264066,0.7217239164229046,0.733813179093717,0.0,1.3882197147106903,58.60570232643046,59.26,59.86,21.0,1.0,0,依赖
745.188569644887,0.1302085572595028,12.22516461176673,0.007835515231690371,4.238764263885935,9.686265608797274e-06,0.262848420095037,36078630.19552587,1.964303120153645,0.4700000000000024,53.84615938217637,66.19251337726587,3.902707739752416,96.80810953460212,0.34249439160292383,1.4995940883112377,2.5,0.21315334918541212,58.55235117635125,59.26,59.86,21.0,1.0,薰衣草,惊奇
9056.20391809286,0.1302085572595028,9.832824005674501,0.0018151163842327846,0.7338205315609876,9.686265608797274e-06,0.5294047345613295,36020508.18720128,3.0,0.07487239620608221,271.03325680586204,34.997208947672284,2.894358974,153.84531027813458,0.6104229080518282,-0.01657896525016759,0.2949559594358113,-1.1322373265112509,58.48,59.26,59.86,21.0,1.0,0,悲伤
15168.0,0.7258733391452372,9.219742232414173,0.0021214807456415136,2.5804924800503795,101.5263527519959,1.01850326197647,37011114.0,1.134752435409237,0.015610791333366692,0.0,1.994354409145809,3.1890221066639866,153.0582055268568,0.704302428288195,2.694972669462541,0.8911231386348547,2.635545789579755,65.5,39.1,55.2,22.0,1.0,0,乐观
10965.342648228734,49.43101652570671,12.514082103411777,0.0141664773631525,8.58339605383734,6.958562562086736,0.16666330318205175,37011114.0,1.9604812138651946,0.31852600517876023,72.32884175106145,42.39398644786457,3.6488407867453314,116.18621721156761,0.27040253673532544,3.419500987546329,2.5,2.9642206225957106,65.5,39.1,55.2,22.0,1.0,薄荷,喜悦
15179.0,48.42554631496506,10.196629996100134,0.001968068544650455,3.5451387691931244,3.4933806943658275e-05,0.46560055917018023,37013217.70817924,2.9760210906924924,0.061614388141285246,258.81312553094244,73.64899725855616,3.3376641106293654,148.52941666379772,0.5683568725500754,3.263081610551894,1.0269381515191554,2.7874955458324893,65.5,39.1,55.2,22.0,1.0,0,乐观
14101.684318282181,0.130209448654747,9.14827705835176,0.004004440854421714,4.602539912498624,95.3356714004647,1.131019190656756,37011114.0,1.0,0.02370877522811071,6.8555470345375635,3.761758551677538,3.0577768947385824,154.86532781294483,0.7099127407899603,3.5145061830970157,2.4428591777513944,2.8370466244263066,65.2524210475946,39.1,55.2,22.0,1.0,0,喜悦
10595.7146703193,44.85269111437607,12.218904084468171,0.015634601331379484,10.474142767667361,2.2834910784772835,0.1986753821154828,37011114.0,1.9784581828797516,0.10829675808490992,127.83193019198963,72.96307139663247,3.3902457184201644,99.08058592063067,0.2782403457181518,3.75,3.1653617611595495,3.0348673933617434,64.74205340091048,39.1,55.2,22.0,1.0,无香,惊奇
13388.669310122375,48.76619205764955,11.11297551219931,0.005618302157797153,8.347065453279638,4.330790013195111,0.5563868442119246,37011114.0,3.0,0.7315318337998911,144.53032981895703,73.20212518278963,3.1561860881375066,167.7444388669226,0.7014444336371509,3.5250608929507625,3.0479039776330668,3.742116394003653,65.5,39.1,55.2,22.0,1.0,0,乐观
1683.0931847945753,0.130209448654747,9.14827705835176,0.0025770274110400427,4.455610586458591,174.5646630901011,0.8358104154543718,37023559.185043566,1.0692282856560746,0.0,0.0,2.914222518754444,3.1853362833106114,138.59057450801106,0.6584575921792999,3.309419469137917,1.788167432378059,2.756606297993307,65.29484939395559,39.1,55.2,22.0,1.0,0,乐观
78.0,0.5985435769228984,12.938392351638482,0.010132126432851489,6.831976273217843,5.5937001432362985,0.22119977318763082,37029779.87869127,1.9765098290994176,0.23362839371231373,110.38202636510437,74.95535257097275,3.9828033583486704,107.94158269676966,0.2822556458497459,3.479642656432614,2.3965296981001196,2.7861889384240293,65.11899890296871,39.1,55.2,22.0,1.0,柠檬,喜悦
7302.444208454565,4.627101525429399,9.772668579284886,0.0014857917263634,2.1991210692161482,7.716733745491283,0.3817066534995643,37072335.72010523,3.0,0.07833390001211174,264.4858255040525,28.301021932142305,3.3168216646267776,145.16782324870752,0.48729608007299446,3.2436290225858033,2.911895191842627,3.3145011164772034,65.46467216802357,39.1,55.2,22.0,1.0,0,乐观
15059.07332245438,0.130209448654747,9.374722576104405,0.0047403638131144265,3.7380750932005746,101.3686930664565,0.9288228149001654,37011114.0,1.081587276109283,0.03084124910563286,0.0,0.08718574802392802,3.209418880530058,148.84913152119353,0.6919049434730288,3.5403298605584994,2.794907696350366,2.7176143105777304,65.01505428051543,39.1,55.2,22.0,1.0,0,喜悦
13884.78597606906,49.02752458912044,13.862300316001324,0.0158163485183264,8.711336911873614,1.558577337075726,0.2781269723357423,37011114.0,1.9939236552277162,0.11404740946817438,105.641614584485,60.20590070739016,3.296644878576958,128.1593226250782,0.3245134371425385,3.708596417416499,3.429194003777393,3.2860996861212106,64.99525618445637,39.1,55.2,22.0,1.0,薰衣草,喜悦
14020.622534651102,49.84566114126133,10.715277234404663,0.006650354778853331,4.483472073863111,3.4933806943658275e-05,0.6034650409363603,37061037.64893376,2.990318764585839,0.40062684541461707,129.132306847285,26.424982346127646,3.5262674845463606,175.9175,0.5750488447789915,3.75,3.7238208286706,3.972056067765203,65.5,39.1,55.2,22.0,1.0,0,乐观
4485.667292939411,0.130209448654747,9.172752623323769,0.002051316922645102,2.0478597732454134,104.74066490233298,1.0400266134693943,37972619.52947962,1.0,0.0,2.193739007080296,1.3932610821274718,3.229291135805396,150.37189846735765,0.7102758008664036,0.25,0.0,0.0,47.9,42.4,45.8,21.0,1.0,0,悲伤
78.0,3.905377591873351,11.131671449172394,0.003574887373529731,4.812187120144102,3.4933806943658275e-05,0.2270395619039557,38011026.0,2.0966167673033986,0.058137085759996696,123.98027228430094,82.42217300492476,3.7528337289929947,102.9966682945862,0.37074750326152695,0.5054305458616509,1.1198231823472837,0.6713627229803426,47.9,42.4,45.8,21.0,1.0,薄荷,惊奇
3315.3824451090527,0.1302144376827922,10.603493980091567,0.0021753970868477164,4.695449412484837,6.710996127079145e-05,0.27717383934658396,38011026.0,3.0,0.07156642196353238,240.4472340425532,81.31097659697629,3.207076341031269,151.0134414852843,0.4766152454097017,-0.2717846991396697,0.010668987092700265,0.7294065422651298,47.9,42.4,45.8,21.0,1.0,0,依赖
3801.7278095186593,0.1302144376827922,9.147768685765156,0.002477242206956907,2.9263947050846677,107.88215337966642,1.103928813123381,38032737.2081326,1.0772811230217798,0.02084379739530408,5.889542600528071,5.497361509772009,3.216540734316873,151.34988707889204,0.6798269988114751,-0.2200450479380582,0.2771892680925488,0.2754359760529322,47.942325583753565,42.4,45.8,21.0,1.0,0,焦虑
612.8613687399439,0.1302144376827922,10.683983115839847,0.0028387011807013136,5.852233257089404,6.710996127079145e-05,0.506731187180357,38040760.80120409,1.9956184363278602,0.044311000239455486,146.8851422980617,54.27721767969814,3.6125869595842053,91.9491615090845,0.6394423403215377,0.22818824877636265,0.7884073502363619,0.4459060129455056,47.9,42.4,45.8,21.0,1.0,无香,悲伤
4476.418446982431,0.337539642357338,10.492931192202045,0.0029980082545193014,2.6231897562558744,8.144438490309769,0.36926774780501825,38098774.36383597,3.0,0.006359911227051661,222.89350605649378,102.48994744927549,3.199428412839664,148.97099026127665,0.4951609572960913,-0.4646437139789565,-0.5378007897708775,-0.36875854097625266,48.05323317997757,42.4,45.8,21.0,1.0,0,悲伤
14135.796428026753,0.1302144376827922,9.147768685765156,0.0019651673681605,11.56619554509068,161.30200717740482,0.5877752754664894,38056657.09816546,1.0,0.021057602825916583,0.0,3.207734029058592,3.171384825630486,150.03889472548872,0.5898981699083592,-0.020996413577680992,-0.2404493450021589,-0.69130308182769,47.9,42.4,45.8,21.0,1.0,0,悲伤
12287.071032800797,49.55744306301824,10.969683421498582,0.010240850067942531,18.79121785640599,6.710996127079145e-05,0.20312909495401413,38056911.7486667,2.0158354513045396,0.4701633200944852,92.36109611095979,73.37025494762332,3.536618769504242,111.33649032188985,0.23427079128106215,0.75,1.1420418941348052,0.1646304031708558,48.01832474841186,42.4,45.8,21.0,1.0,柠檬,焦虑
6840.838287314851,43.398600540667246,10.917700899991232,0.0190466713377344,18.669308089544558,6.710996127079145e-05,0.062445088331023,38069879.85017757,2.94646538231868,0.08247756092604382,83.96691201373405,67.65201125324904,3.87895010642078,74.60064258186526,0.17577985711978078,-0.46978757713733366,-1.0,-1.2163518856924125,47.9,42.4,45.8,21.0,1.0,0,无聊
15094.7704613254,0.1302144376827922,9.147768685765156,0.003994155962957421,8.477642622552708,122.58306831915493,0.7588194534433789,38011026.0,1.0811249995156258,0.0,0.0,3.0017189529247155,3.1923516884329044,156.6267012677641,0.6226291207074858,0.03667114347146208,0.435256729126126,0.2909384742609506,47.998518811834835,42.4,45.8,21.0,1.0,0,焦虑
10538.563688400965,49.68026663021629,11.048223835451312,0.008578925877366425,10.19829587534173,3.219451532790724,0.280443343201542,38095503.03243553,2.0409483118367526,0.07163762933201302,108.32214733510368,96.02738381887539,3.8911118623917456,98.78451768624647,0.41971341927209305,0.4939758183271545,0.9894166510126552,0.75,47.9,42.4,45.8,21.0,1.0,薰衣草,焦虑
15373.564817090391,49.83576940974247,10.551424278933377,0.003206158825381272,8.432388854248243,8.25910466144294,0.30963730887177954,38099996.32267652,2.9490313210284698,0.10266446689296624,214.38239573502784,117.9066717904488,3.1681598303749663,154.24571288269948,0.4728509162223364,-0.18121585270014295,-0.548842656741735,-0.4748322745396268,47.9,42.4,45.8,21.0,1.0,0,无聊
14812.486596068637,1.3325603479532313,9.171230218683887,0.0019651673681605,1.730868002194741,88.28577363928292,1.2273399144122306,39011115.0,1.148232542342025,0.007830557785930215,0.0,2.3231128742513905,3.0612689798272923,163.81805200100558,0.7064725128517375,-0.27209551343161953,-0.1870534599713411,-1.0198007446560995,51.384034580200115,55.9,41.1,22.0,1.0,0,悲伤
7012.458664390035,49.83576940974247,10.51479562351446,0.0031853681970922068,4.928859820836829,6.710996127079145e-05,0.6470848690556407,38948520.515832454,2.023949372475582,0.30506388255014694,70.9604485475572,23.484211384423674,3.5209776103169257,73.56150609940272,0.5220493299970319,-0.27141641744497014,-0.06209754639991459,0.013001456971445714,51.4,55.9,41.1,22.0,1.0,薄荷,惊奇
15679.057770981004,49.55300678506914,10.848888350985922,0.004591212100575851,3.8376193202981623,1.6068074435901537e-05,0.6814928146970742,39028644.08354883,2.883176456729682,0.08362718737348787,235.73141530228543,77.40423146194789,3.0210151181295086,162.71609620058783,0.5664303484195133,0.6144542709692884,0.7066844819073181,3.236311284987166,51.4,55.9,41.1,22.0,1.0,0,依赖
6573.022105148924,1.5068345799609526,9.14856435217941,0.0026731977325408227,-3.687010977547312,86.1496635958316,1.0072114976282163,39011115.0,1.082923921683471,0.0002462464339829308,0.0,4.174192329438694,3.253515075431298,152.03449191817344,0.9046855748482007,-0.06918263488780071,-0.8858733297843838,2.8857721545401187,51.4,55.9,41.1,22.0,1.0,0,依赖
1255.6322718348315,1.8056107231158927,10.144673913457362,0.002215153606284483,-2.53752591494743,0.5348994858723659,0.28450727868627196,39039767.58294054,1.9640088405342933,0.39884842414420757,89.02382661484413,30.517905099635918,3.668,98.29899889278398,0.5002272450441816,0.5069679723239745,2.25,1.1858121205427836,51.90927111024909,55.9,41.1,22.0,1.0,无香,惊奇
6591.120109442873,3.316810588053665,10.422355710617188,0.0014729975556856,-4.696970270276352,1.6068074435901537e-05,0.19057854120945816,39011115.0,2.8639924958183176,0.0002511617113055653,241.48861264684766,89.55558672209546,3.2900174088600425,148.28773362334857,0.42896616313535135,-0.21535383952818626,-0.46080345244755494,2.675763605420214,51.994018787132156,55.9,41.1,22.0,1.0,0,依赖
7539.020470401259,1.1056764637939547,9.14856435217941,0.0015139732542708733,2.0653811379019755,118.32457092116255,1.1547208280526993,39011115.0,1.0919162961134736,0.0016341112161098,0.0,0.0,3.225031998078371,153.6087315813221,0.7148381223365303,1.4280323573761522,0.737187972255724,1.1248792363980051,51.42392495361734,55.9,41.1,22.0,1.0,0,惊奇
2637.506726047516,0.9960399776919866,10.248755198219586,0.006102317876126451,2.99404282465931,1.6068074435901537e-05,0.4123511496413742,39045000.69227207,2.054224495469311,0.0031512706792521873,108.20423038063768,93.2758944498345,3.5614932542534667,96.19964446395535,0.5125917900122471,0.48169958309245303,0.38218384516462117,1.5011548616866925,52.480025367929336,55.9,41.1,22.0,1.0,柠檬,惊奇
6404.7955205579865,1.5873580710831359,10.059919488251333,0.0014729975556856,3.067586637912769,3.715263706215846,0.6734981892031071,39032115.97852696,2.9102161637231037,0.08212479719091026,264.5835790444047,52.68444400621037,3.142168507923099,156.8427524602137,0.7746871853154216,-0.25,0.3315099951874493,-0.1661202843116159,52.00520378920246,55.9,41.1,22.0,1.0,0,悲伤
15306.060793117527,1.7591124226087427,9.14856435217941,0.002465435648520606,2.8791285935799,154.98077094459362,1.2000270762305585,39024488.190570876,1.0,0.0,16.439946522323723,2.385581655095384,3.0994816976266053,162.92304215402325,0.6724864010618584,1.0489429368716499,0.22817425060412055,0.24695766799459737,51.4,55.9,41.1,22.0,1.0,0,温和
13768.201948077687,49.84235159495024,11.6170619829122,0.0110512478086302,9.73289795346006,0.9019455050897607,0.21930730788717484,39024443.027087726,1.9861172406759982,0.09058679987562362,103.0807544707581,84.38555672644526,3.3987457351921084,123.62145688444159,0.14804546012555658,0.1333624805394751,1.5131722782129107,2.426155640470526,51.4,55.9,41.1,22.0,1.0,薰衣草,依赖
16701.366314516683,47.80244380944724,10.300779598655106,0.004342754831931637,6.638030175234672,1.6068074435901537e-05,0.4925532148672441,39072704.72073751,3.0,0.08634016746028896,285.41778212499946,90.04343979726931,2.966756757,168.63,0.5603605553099953,0.5461091661402611,-0.20007356229908013,-1.4912913911441792,51.4,55.9,41.1,22.0,1.0,0,无聊
15005.581467125898,0.1302089207059385,9.268468199897901,0.002433882246301625,-12.440459787050239,93.1167513401569,0.5579238554801085,40004881.48568111,1.0,0.0,0.5134429494356011,0.562344325966791,3.2221213620748044,159.77026817048875,0.9914116618754076,1.2704428161395627,1.785416914667606,-0.8614857758290961,66.2,68.4,52.4,22.0,2.0,0,惊奇
7981.047998299656,40.96707569220429,13.8611242435238,0.015396369558904102,1.2388538758894612,1.3314642342374872,4.273155928079677,40001480.018072255,1.823243665763389,0.0860846123268601,0.0,39.36308887756697,3.1776433330010527,75.09596383182155,1.1620655915975964,1.9053407144948191,2.222983777720034,0.687555485067096,66.19154854348581,68.4,52.4,22.0,2.0,薄荷,惊奇
15154.0,48.03981806911126,10.228214226136021,0.003224370899504475,-3.2090534036257936,0.0001484652275081,1.9707279115690512,40024400.4684755,3.0,0.4200000000000159,74.90667521808362,6.332829936305931,3.56996174787825,157.61715304648934,0.8804444390746375,0.23924921508404132,0.8868578454386885,-1.5435738858671135,66.13471695102596,68.4,52.4,22.0,2.0,0,悲伤
4593.861895344057,0.1302154588370606,9.166469254258127,0.0014716826532101,34.15284007740214,95.25305960212992,0.3986449542139767,40011027.0,1.0,0.006029567975983176,1.5745734051836149,2.444086694646836,2.9268071200138404,153.9214393836269,0.43533874043341647,0.8795719245241878,0.2888808111701831,-2.0178150912225514,66.2,68.4,52.4,22.0,2.0,0,悲伤
487.0,3.0937739700309086,10.79621969774521,0.006535318393970859,40.57563269446257,0.0001484652275081,0.053923287881452224,40051406.632866,2.0568330334224023,0.03417770367801277,124.6137582936634,67.70564394772994,3.544672050152634,85.8726266781499,0.15042711806431233,0.7803761527282922,1.5379001514955395,-0.6317730111076034,66.2,68.4,52.4,22.0,2.0,无香,惊奇
3620.8738209510625,0.1302154588370606,10.440698965506757,0.0014716826532101,31.575254376143338,2.899203684796854,0.305455661446233,40069240.16204003,2.9781058957111037,0.07281597490760534,195.33798059133596,119.02386494699539,3.122305426288154,151.60412085739355,0.3515205656090194,-0.1955381422042391,0.1812055519192275,-1.9294492886269958,65.96152317352426,68.4,52.4,22.0,2.0,0,悲伤
3316.0470425301314,2.4502846225835633,9.175157491119103,0.00449657914360706,43.25303016431812,133.52051117654776,0.36000329054115754,40011027.0,1.0621285915938494,0.01212521437301839,3.294761337916889,4.567796898121515,3.2121169360655104,159.9673529,0.4057936571042254,1.8291972958889426,0.523925021169606,-1.2915576964808437,66.2,68.4,52.4,22.0,2.0,0,惊奇
1499.1981603974823,0.1302154588370606,10.858059724331211,0.00756103439743296,48.304040674541056,4.5331255189119695,0.0446607529185907,40027900.22393568,1.896194327984692,0.02972290818610085,35.55655278204744,53.171281230652696,3.189579713703222,139.40101042294165,0.13208329500908791,2.5,1.945341120299449,0.6634214564036375,65.97455085594996,68.4,52.4,22.0,2.0,柠檬,惊奇
7928.994844294398,4.985243676369629,10.829078362624092,0.002598915016072743,49.501299892050056,3.7385077093816275,0.10875833504947588,40014052.864114426,2.9952299437737775,0.2838114465275665,152.31598202941774,44.298538289284636,3.044836431077527,143.32728665878187,0.15904700915042067,-0.5,-0.5,-2.25,66.17608652055276,68.4,52.4,22.0,2.0,0,无聊
2261.9805335492188,0.9356529439038318,9.144836877296571,0.0014716826532101,24.47220403019515,89.1837155094236,0.716097189802988,40011027.0,1.0,0.01057858046192194,10.87955611885302,5.6307271121984295,3.0116335775033583,157.31468955544204,0.6521775602218682,-0.1579537428331296,-0.27199606856312925,-0.5712022579648119,66.18164188426499,68.4,52.4,22.0,2.0,0,悲伤
814.8093840992346,0.4690313606166332,10.966386716029234,0.008796432792747952,30.821324702934945,1.537506093482297,0.12394741386645716,40045932.748741314,2.0773055523161643,0.012954364678763562,98.4705562652493,88.1170152153302,3.44416296077495,88.56128256495583,0.19519797549793622,1.0311956849094102,1.9024751208330752,-0.06457071710079754,66.16231795055923,68.4,52.4,22.0,2.0,薰衣草,惊奇
2303.0469175022795,0.4409685152267345,10.529479465973129,0.0024299885688827292,24.476297461361895,0.0001484652275081,0.4613183887831673,40049905.15449864,3.0,0.07838459803580648,144.3302634920969,122.39117903178185,3.5511121493839193,150.41969429673765,0.5951511163583763,0.2892734221306027,0.9113765596623311,1.4152507831097292,66.18063542987943,68.4,52.4,22.0,2.0,0,依赖
14622.431566367537,0.1302154588370606,9.25020317640826,0.0026191045467792674,15.366478787284283,106.57934928292968,0.6047650670849307,41011026.0,1.0,0.021426280792786204,5.34546158959536,0.7240472341688791,3.056076800328349,152.6649130417827,0.5973686506208024,0.31676598141825785,0.24013916011664657,0.21090718690214466,62.74083675944827,68.4,36.9,21.0,2.0,0,悲伤
10107.403934090586,48.508655174306334,11.080560776420857,0.0094619852825847,13.297818083414375,11.21360401060025,0.1337470543251007,40951346.64049378,2.082060675349826,0.06478274249037182,65.96085754430636,72.38528868280346,3.619473684,73.77400744093738,0.18611839222303075,1.3503496386476108,1.3454455412160764,1.0710742683073908,62.7,68.4,36.9,21.0,2.0,薄荷,惊奇
15016.0,49.65357553170089,10.939124029885516,0.0079242225406051,11.300374245654455,2.419468349572291,0.15621690510400865,41014456.62061122,2.9988703910303762,0.06604850658465228,181.40468922917873,133.34713176749355,3.8416862180026996,144.1972441731084,0.256019562305223,0.6629736838400037,-0.6837600791553974,-2.55781231815013,62.45511958405174,68.4,36.9,21.0,2.0,0,无聊
2010.8066665573583,0.6289848897803378,9.144477732656354,0.0014727782343107,18.030985483105542,144.25548348146776,0.6236620799812685,41011026.0,1.0,0.0020501347550800084,2.786241282424456,0.0,2.882670216873274,161.23047413129905,0.5607436980498754,-0.39226702610467234,-0.35814799028430977,-0.8835096882429369,62.7,68.4,36.9,21.0,2.0,0,无聊
82.44392680525397,0.130206398426934,11.205864972764527,0.003030025285702978,31.53603766490903,1.2806955127482496,0.1087296848977384,41066492.80663492,2.1086804417444487,0.4509566440283801,82.28100299065532,84.27389398472458,3.4323750843898226,90.116,0.2104060824786336,0.8680049722072236,-0.5737291931712462,-1.9370827843020257,62.7,68.4,36.9,21.0,2.0,无香,乐观
707.4100766440104,1.4376285971215101,11.096924269490275,0.002075679804504517,31.88494876264646,4.980019970326427,0.24286085456769457,41011026.0,3.0,0.06357302546633851,204.03200125202315,123.16719702210784,3.6032801000395276,159.41851415197758,0.44768719861621303,-1.7542728545603252,-1.75,1.7792786186141782,62.17358462243912,68.4,36.9,21.0,2.0,0,藐视
3032.885371854565,0.130206398426934,9.144477732656354,0.0017052932430296128,13.293445178247616,98.63625840294713,0.7632372625396351,41066701.89054318,1.1019211260777468,0.0,18.168117714148014,7.945015661094433,2.83768766459713,161.88049348775147,0.6176733735343446,-0.4124549179900836,-0.26681192892528477,1.0610728358782935,62.7,68.4,36.9,21.0,2.0,0,依赖
44.0,0.130206398426934,11.11887514817453,0.0068330833126840716,15.083081489027354,0.0013272613422645,0.1087296848977384,41063008.59576678,2.0913691348846477,0.03391493923169495,106.72014451795773,91.69672980046809,3.4163446115201355,94.16923154102932,0.2317682060793427,0.278676596121735,-0.7425144773711062,1.116117819517334,62.7,68.4,36.9,21.0,2.0,柠檬,惊奇
6477.067455835622,0.130206398426934,10.636667521010645,0.0014727782343107,11.442218426338435,1.3466014213456146,0.3179576681806848,41069171.67408883,3.0,0.07331532007207366,201.0185706570499,122.00573943805612,2.9603932312208765,157.443882122961,0.540038288961567,-1.8759158288908828,-1.3232747743067914,-2.2823845336683344,62.43632528220016,68.4,36.9,21.0,2.0,0,无聊
2128.583139852348,1.5821630945299747,9.213622065772856,0.0024927385396238907,35.09732378850097,123.09736576008001,0.4745924264913331,41011026.0,1.0,0.035548158723014305,14.041403194429781,0.0,3.195874931907042,153.0889315886849,0.5383434934922814,-0.23791493788455476,-1.75,-2.9567856869049134,62.030536269382196,68.4,36.9,21.0,2.0,0,无聊
44.0,1.3092570243341406,10.835309075712333,0.0026619540939268166,39.41497104947968,2.6415488122871382,0.17518302707180236,41059835.43819247,2.0111248604938066,0.03218032100554925,83.04668090752551,59.51856163319088,3.5759242476581505,90.116,0.3912181821892985,1.236261563294854,0.7747054239711014,0.747134503436701,62.7,68.4,36.9,21.0,2.0,薰衣草,无聊
4367.893205958937,0.130206398426934,10.395462227007163,0.0014727782343107,33.63342027574828,0.0013272613422645,0.4081603585712214,41036106.23937789,2.93575291092923,0.062167867125121345,246.62710551520854,82.94413974712727,3.1737565060294943,157.508213135672,0.6450581550535848,-2.0,-1.75,-4.0,62.7,68.4,36.9,21.0,2.0,0,无聊
15016.0,0.130206398426934,9.144477732656354,0.001956559615453486,3.897476999662408,116.47681770451207,1.0913867508865005,41988105.483149335,1.0,0.011675559493598001,5.44482578254167,1.0281244662098579,3.2315805213542697,147.30980023317886,0.6766391721795757,-1.0319201085621201,-1.6887113192474725,-1.3939824430234884,51.4,45.8,45.8,21.0,1.0,0,无聊
12504.110015134245,46.892173700138805,11.765963933428662,0.006470619950477818,5.487678814675845,0.0013272613422645,0.18717855894134616,42011026.0,1.8882617860184572,0.5700000000000003,61.96319869295091,12.764646676589882,3.3866409345763535,92.65460279951434,0.261324532901451,1.25,1.75,2.1889438920354793,51.4,45.8,45.8,21.0,1.0,薄荷,乐观
5413.338348501022,1.0867811615344891,10.047195535587882,0.0018370651143078454,1.2211572151166916,6.6760839289438305,0.37776338373101487,42030243.35369292,2.9924318520901974,0.005454523038987281,240.82454545454547,89.81708288569205,3.1171722395916084,152.0643502769774,0.5401729419520317,-0.24402679726128867,-2.1457852507730295,-2.1355156235959867,51.4,45.8,45.8,21.0,1.0,0,无聊
14710.442851907495,0.1302081122619006,9.14813979231806,0.002716060839671826,5.273670286441069,84.72704543471032,1.0748785486109016,42041115.0,1.2015398347119772,0.0,0.0,8.490356881090396,2.939142857,156.52682892410547,0.6941959225237432,-1.280628618736661,-1.0626716253961128,-2.49311847251212,51.4,45.8,45.8,21.0,1.0,0,无聊
7695.729084253313,49.82010979834922,11.36961572445069,0.006670398025952899,6.507632579416889,0.6412599602140862,0.37412156765646026,42041115.0,1.923283067859419,0.08427338406803181,83.33212804486712,53.78116061702764,3.498598995593076,76.90941176,0.43733125598098865,1.25,1.2207181225025683,1.6704902901145597,51.4,45.8,45.8,21.0,1.0,薰衣草,乐观
15072.0,49.82010979834922,10.23632906356344,0.0035109733068856876,4.572567186387142,0.5576274003010736,0.6273938394861772,42040928.42946135,2.9710318054141727,0.08704921022652211,217.89437316565935,109.82857640144157,3.1385674767475034,157.3248571,0.7223181044992785,-1.0616731945208648,-0.7809002550208582,-1.4206106477675116,51.4,45.8,45.8,21.0,1.0,0,无聊
15072.0,49.82010979834922,10.130793953805615,0.0032960356258689397,4.204953531164607,0.30160081409706085,0.6025403092301418,42041115.0,3.0,0.09002294088960355,208.6721474367628,106.42188709530593,3.1456028886892016,154.69978330948496,0.7092227396729849,-1.0844936478052873,-0.8124037135278395,-1.4339381602461818,51.4,45.8,45.8,21.0,1.0,0,无聊
14918.916236638532,49.82010979834922,10.194568134062841,0.00323189295789784,4.397425447454974,0.9452860624676713,0.6420359019892187,42039077.16112531,2.856183352005412,0.07945992447804535,219.24135678789798,109.82857640144157,3.10879434124281,151.93955648169663,0.7153197948807982,-1.022665084977909,-0.6488074152366425,-1.4930397467837706,51.4,45.8,45.8,21.0,1.0,薄荷,无聊
15072.0,46.347156357550304,11.186654775919392,0.004227774985875561,4.578945815421489,3.5394330454182296e-06,0.3471646493469048,42011026.0,3.0,0.07727793417014692,173.60696670926362,88.49672743204047,3.8181296663333413,157.3248571,0.2150594308087594,-1.9783714045973368,-1.4419608607302181,-2.30189575297149,51.4,45.8,45.8,21.0,1.0,0,无聊
9475.587552559113,0.1302081122619006,9.240513850778552,0.001474798576259,1.933406598679112,98.60543282944784,1.0698389768862377,42019504.81245917,1.0,0.012594840462252172,0.0,4.183028445824735,3.303325349961182,154.33388615950324,0.690575604911862,-1.6712145380688217,-1.384978409459909,-0.9285691082733596,51.4,45.8,45.8,21.0,1.0,0,无聊
413.2546227839557,0.1302081122619006,10.522002466409552,0.005915624469601859,2.6731697389148388,1.1186312619346757,0.2338979826156312,42030081.41165472,1.8270523255284645,0.2399999999999948,78.63088255866288,27.865838463582275,3.6535678928542095,85.34406311013288,0.4078206256334937,0.4085526260319435,1.25,2.0,51.4,45.8,45.8,21.0,1.0,无香,无聊
